,precipIntensity,precipProbability,temperature,windSpeed,label
0,0.0,0.0,41.24,22.44,1
1,0.0,0.0,41.28,26.34,1
2,0.0,0.0,41.14,22.56,1
3,0.0,0.0,42.95,23.52,1
4,0.0,0.0,42.91,23.65,1
5,0.002,0.04,42.85,18.99,1
6,0.0,0.0,43.18,14.55,1
7,0.0,0.0,44.85,25.31,1
8,0.0,0.0,45.05,31.03,1
9,0.0,0.0,45.38,45.79,1
10,0.0,0.0,47.07,66.11,1
11,0.0,0.0,47.84,28.08,1
12,0.0,0.0,50.88,25.83,1
13,0.0,0.0,51.14,29.21,1
14,0.0,0.0,50.7,31.1,1
15,0.0,0.0,52.01,25.45,1
16,0.0,0.0,51.64,23.96,1
17,0.0,0.0,51.22,23.96,1
18,0.0,0.0,49.06,19.72,1
19,0.0,0.0,48.71,18.89,1
20,0.0,0.0,47.4,7.15,1
21,0.0,0.0,45.47,8.64,1
22,0.0,0.0,42.51,7.99,1
23,0.0153,1.0,42.95,8.38,1
24,0.004,0.88,45.89,30.16,1
25,0.0213,1.0,46.29,36.16,1
26,0.0,0.0,45.59,15.45,1
27,0.004,0.24,44.14,19.71,1
28,0.013000000000000001,1.0,45.11,19.13,1
29,0.009000000000000001,1.0,45.72,18.07,1
30,0.003,0.16,46.2,19.08,1
31,0.006999999999999999,1.0,46.3,21.58,1
32,0.0,0.0,48.05,18.39,1
33,0.0033,0.15,48.57,21.37,1
34,0.016,1.0,50.9,26.98,1
35,0.0,0.0,52.76,30.46,1
36,0.0,0.0,51.26,54.88,1
37,0.0,0.0,55.02,62.06,1
38,0.0,0.0,54.24,29.2,1
39,0.0,0.0,55.55,27.73,1
40,0.0,0.0,52.83,27.63,1
41,0.0,0.0,53.38,20.21,1
42,0.0,0.0,52.73,20.56,1
43,0.0,0.0,49.38,15.84,0
44,0.0,0.0,48.63,15.86,0
45,0.0,0.0,46.72,10.21,0
46,0.0,0.0,45.45,7.79,0
47,0.0,0.0,47.98,9.3,0
48,0.009000000000000001,1.0,48.54,27.71,0
49,0.004,0.74,49.15,19.47,0
50,0.005,1.0,46.77,10.34,0
51,0.006999999999999999,1.0,48.49,16.98,0
52,0.0,0.0,49.4,12.28,0
53,0.003,0.05,50.98,17.23,0
54,0.0,0.0,52.74,18.42,0
55,0.0,0.0,52.64,17.11,0
56,0.0,0.0,53.69,16.02,0
57,0.0,0.0,53.77,22.26,0
950,0.0,0.0,59.02,6.73,0
951,0.0,0.0,56.05,3.53,0
952,0.0,0.0,52.93,5.47,0
953,0.0,0.0,51.98,2.93,0
954,0.0,0.0,50.64,5.09,0
955,0.0,0.0,51.68,4.68,0
956,0.0,0.0,51.37,5.7,0
957,0.0,0.0,53.19,6.92,0
958,0.0,0.0,53.66,7.16,0
959,0.0,0.0,56.44,9.58,0
960,0.0,0.0,58.69,8.44,0
961,0.0,0.0,60.86,9.41,0
962,0.0,0.0,62.78,9.27,0
963,0.0,0.0,64.86,9.3,0
964,0.0,0.0,65.92,6.48,0
965,0.0,0.0,67.52,8.58,0
966,0.0,0.0,66.41,10.45,0
967,0.0,0.0,67.34,13.49,0
968,0.0,0.0,65.82,10.0,0
969,0.0,0.0,63.19,7.46,0
970,0.0,0.0,58.91,8.69,0
971,0.0,0.0,55.17,6.53,0
972,0.0,0.0,52.95,3.96,0
973,0.0,0.0,51.6,5.96,0
974,0.0,0.0,51.93,2.24,0
975,0.0,0.0,49.42,3.53,0
976,0.0,0.0,46.96,0.64,0
977,0.0,0.0,46.94,0.71,0
978,0.0,0.0,45.18,0.88,0
979,0.0,0.0,45.24,2.93,0
980,0.0,0.0,46.8,3.31,0
981,0.0,0.0,49.19,1.29,0
982,0.0,0.0,52.19,3.91,0
983,0.0,0.0,55.34,4.79,0
984,0.0,0.0,59.22,6.06,0
985,0.0,0.0,62.65,9.08,0
986,0.0,0.0,65.14,11.12,0
987,0.005,0.03,66.57,13.88,0
988,0.0,0.0,66.8,19.9,0
989,0.0,0.0,66.07,19.55,0
990,0.0,0.0,63.63,20.21,0
991,0.0,0.0,63.26,14.17,0
992,0.0,0.0,63.23,15.81,0
993,0.0,0.0,60.48,13.67,0
994,0.0,0.0,55.7,14.87,0
995,0.0,0.0,54.0,9.31,0
996,0.0,0.0,52.67,6.49,0
997,0.0,0.0,51.3,7.03,0
998,0.0,0.0,50.0,7.81,0
999,0.0,0.0,50.38,10.69,0
1000,0.0,0.0,48.57,9.27,0
1001,0.0,0.0,46.41,10.4,0
1002,0.0,0.0,47.12,11.15,0
1003,0.0,0.0,49.24,13.63,0
1004,0.0,0.0,49.35,11.97,0
1005,0.0148,0.69,49.1,13.23,0
1006,0.0,0.0,50.93,13.2,0
1007,0.0,0.0,53.4,10.96,0
1008,0.0,0.0,54.67,7.68,0
1009,0.0,0.0,53.73,11.36,0
1010,0.0,0.0,53.87,14.63,0
1011,0.0,0.0,55.37,14.31,0
1012,0.0,0.0,55.78,12.78,0
1013,0.0,0.0,61.58,15.39,0
1014,0.0,0.0,63.02,18.14,0
1015,0.0,0.0,61.94,17.95,0
1016,0.0,0.0,60.67,15.14,0
1017,0.0,0.0,59.39,14.94,0
1018,0.0,0.0,56.29,12.81,0
1019,0.0,0.0,54.66,10.87,0
1020,0.0,0.0,52.61,8.0,0
1021,0.0,0.0,49.88,6.0,0
1022,0.0,0.0,48.72,5.48,0
1023,0.0,0.0,45.94,6.17,0
1024,0.0,0.0,47.97,6.64,0
1025,0.0,0.0,46.44,6.12,0
1026,0.0,0.0,46.7,5.31,0
1027,0.0,0.0,45.31,6.71,0
1028,0.0,0.0,43.96,7.15,0
1029,0.0,0.0,43.69,5.39,0
1030,0.0,0.0,46.16,5.03,0
1031,0.0,0.0,49.99,7.07,0
1032,0.0,0.0,54.12,10.17,0
1033,0.0,0.0,57.6,11.09,0
1034,0.0,0.0,59.33,12.23,0
1035,0.0,0.0,59.78,17.22,0
1036,0.0,0.0,61.1,16.2,0
1037,0.0,0.0,62.12,17.62,0
1038,0.0,0.0,61.85,17.9,0
1039,0.0033,0.2,62.94,17.01,0
1040,0.004,0.04,58.11,16.68,0
1041,0.0,0.0,55.0,14.17,0
1042,0.002,0.42,52.64,13.09,0
1043,0.002,0.02,51.45,14.52,0
1044,0.0028,0.16,51.97,13.77,0
1045,0.003,0.22,50.91,16.59,1
1046,0.0215,0.99,51.22,22.47,1
1047,0.004,0.02,49.42,23.03,1
1048,0.0102,1.0,49.45,17.71,1
1049,0.0,0.0,47.6,16.75,1
1050,0.0,0.0,47.19,17.92,1
1051,0.0,0.0,45.44,18.67,1
1052,0.003,0.04,45.26,21.32,1
1053,0.0065,1.0,43.96,19.79,1
1054,0.0,0.0,45.44,19.32,1
1055,0.004,0.53,47.15,29.23,1
1056,0.0033,0.15,46.86,24.31,1
1057,0.0,0.0,46.97,19.16,1
1058,0.0,0.0,49.41,23.68,1
1059,0.0,0.0,50.56,26.31,1
1060,0.0,0.0,50.43,26.48,1
1061,0.0,0.0,50.45,13.54,1
1062,0.004,0.42,50.94,21.48,1
1063,0.0,0.0,52.6,21.4,1
1064,0.0,0.0,52.35,24.05,1
1065,0.0215,1.0,49.62,52.51,1
1066,0.009000000000000001,1.0,49.03,43.14,1
1067,0.0168,1.0,46.85,18.74,0
1068,0.0,0.0,46.76,15.17,0
1069,0.0,0.0,45.38,20.39,0
1070,0.0723,1.0,45.77,19.23,0
1071,0.0065,0.19,45.87,22.83,0
1072,0.0,0.0,43.81,23.91,0
1073,0.0128,0.97,43.42,19.05,0
1074,0.0,0.0,43.22,17.65,0
1075,0.0,0.0,43.3,13.98,0
1076,0.0,0.0,43.58,11.62,0
1077,0.0,0.0,44.46,12.7,0
1078,0.0,0.0,44.57,13.03,0
1079,0.0,0.0,47.39,12.81,0
1080,0.0235,0.98,49.29,15.13,0
1081,0.0,0.0,49.16,12.33,0
1082,0.005,0.09,50.75,11.54,0
1083,0.005,0.36,52.58,12.69,0
1084,0.005,0.01,53.11,12.18,0
1085,0.0,0.0,54.71,11.71,0
1086,0.0,0.0,55.89,12.57,0
1087,0.0,0.0,54.57,11.18,0
1088,0.0,0.0,53.48,11.22,0
1089,0.0,0.0,52.16,8.13,0
1090,0.0,0.0,50.24,8.09,0
1091,0.0,0.0,47.68,6.16,0
1092,0.0,0.0,45.15,4.43,0
1093,0.0,0.0,44.22,2.76,0
1094,0.0,0.0,41.99,2.29,0
1095,0.0,0.0,40.47,1.04,0
1096,0.0,0.0,39.29,2.74,0
1097,0.0,0.0,38.07,2.24,0
1098,0.0,0.0,37.03,1.73,0
1099,0.0,0.0,34.85,1.92,0
1100,0.0,0.0,38.35,0.69,0
1101,0.0,0.0,40.24,1.38,0
1102,0.0,0.0,42.09,1.39,0
1103,0.0,0.0,46.06,2.19,0
1104,0.0,0.0,49.21,2.36,0
1105,0.0,0.0,50.81,2.21,0
1106,0.0,0.0,51.73,1.12,0
1107,0.0,0.0,54.17,5.11,0
1108,0.0,0.0,56.49,3.59,0
1109,0.0,0.0,56.63,0.71,0
1110,0.0,0.0,57.11,3.24,0
1111,0.0,0.0,57.05,3.33,0
1112,0.0,0.0,57.23,2.66,0
1113,0.0,0.0,55.07,5.29,0
1114,0.0,0.0,53.43,5.52,0
1115,0.0,0.0,51.85,7.2,0
1116,0.0,0.0,49.52,6.95,0
1117,0.0,0.0,48.15,6.29,0
1118,0.0,0.0,45.67,3.82,0
1119,0.0,0.0,44.39,4.82,0
1120,0.0,0.0,41.21,5.46,0
1121,0.0,0.0,41.02,2.77,0
1122,0.0,0.0,37.81,2.94,0
1123,0.0,0.0,37.34,2.68,0
1124,0.0,0.0,38.4,2.19,0
1125,0.0,0.0,38.04,3.11,0
1126,0.0,0.0,40.2,1.23,0
1127,0.0,0.0,44.46,1.87,0
1128,0.0,0.0,49.92,1.56,0
1129,0.0,0.0,50.89,1.09,0
1130,0.0,0.0,52.73,0.46,0
1131,0.0,0.0,53.45,1.96,0
1132,0.0,0.0,54.93,1.54,0
1133,0.0,0.0,56.65,3.84,0
1134,0.0,0.0,57.41,3.47,0
1135,0.0,0.0,58.18,2.91,0
1136,0.0,0.0,58.23,4.17,0
1137,0.0,0.0,58.32,2.9,0
1138,0.0,0.0,53.6,2.1,0
1139,0.0,0.0,53.03,3.71,0
1140,0.0,0.0,48.53,4.9,0
1141,0.0,0.0,46.8,8.12,0
1142,0.0,0.0,45.21,6.17,0
1143,0.0,0.0,43.89,6.62,0
1144,0.0,0.0,43.99,5.85,0
1145,0.0,0.0,42.69,3.38,0
1146,0.0,0.0,43.28,2.81,0
1147,0.0,0.0,41.93,4.09,0
1148,0.0,0.0,42.57,2.94,0
1149,0.0,0.0,41.73,3.22,0
1150,0.0,0.0,43.4,2.16,0
1151,0.0,0.0,48.95,4.57,0
1152,0.0,0.0,54.28,5.54,0
1153,0.0,0.0,56.73,4.56,0
1154,0.0,0.0,59.17,3.43,0
1155,0.0,0.0,60.35,2.86,0
1156,0.0,0.0,61.75,6.21,0
1157,0.0,0.0,62.18,7.14,0
1158,0.0,0.0,63.17,5.23,0
1159,0.0,0.0,63.49,15.39,0
1160,0.003,0.07,62.87,4.79,0
1161,0.0,0.0,61.34,7.07,0
1162,0.0,0.0,59.29,12.78,0
1163,0.0,0.0,55.95,7.5,0
1164,0.0,0.0,54.2,8.61,0
1165,0.0,0.0,51.98,12.68,0
1166,0.0,0.0,51.3,5.95,0
1167,0.0023,0.25,51.78,5.8,0
1168,0.0,0.0,51.74,3.37,0
1169,0.0,0.0,50.43,4.76,0
1170,0.004,0.44,50.42,6.18,0
1171,0.0,0.0,49.93,6.09,0
1172,0.0,0.0,49.04,7.53,0
1173,0.003,0.17,47.5,5.69,0
1174,0.0,0.0,49.76,7.8,0
1175,0.0,0.0,52.0,8.19,0
1176,0.0,0.0,54.26,10.33,0
1177,0.0,0.0,54.79,12.23,0
1178,0.0,0.0,57.12,10.77,0
1179,0.0,0.0,59.42,13.49,0
1180,0.0,0.0,58.52,14.0,0
1181,0.0,0.0,58.81,11.03,0
1182,0.0073,0.9,57.03,8.9,0
1183,0.19399999999999998,1.0,58.1,8.66,0
1184,0.0,0.0,56.26,11.07,0
1185,0.0318,1.0,51.78,7.76,0
1186,0.0,0.0,52.12,5.37,0
1187,0.0,0.0,50.9,3.86,0
1188,0.0,0.0,48.85,2.42,0
1189,0.0,0.0,48.0,5.66,0
1190,0.0,0.0,46.99,1.61,0
1191,0.0,0.0,47.05,2.4,0
1192,0.0,0.0,46.97,4.56,0
1193,0.0,0.0,46.8,3.16,0
1194,0.0,0.0,45.07,0.12,0
1195,0.0,0.0,45.51,1.45,0
1196,0.0,0.0,48.18,2.92,0
1197,0.0,0.0,46.8,2.11,0
1198,0.0,0.0,46.77,1.09,0
1199,0.0,0.0,48.31,1.47,0
1200,0.0,0.0,49.37,0.19,0
1201,0.0,0.0,50.13,3.14,0
1202,0.0,0.0,50.79,3.03,0
1203,0.0,0.0,51.17,3.41,0
1204,0.0,0.0,51.27,6.43,0
1205,0.0118,0.54,52.85,5.24,0
1206,0.0533,1.0,52.5,9.63,0
1207,0.0,0.0,49.84,9.51,0
1208,0.0,0.0,49.44,13.73,0
1209,0.0,0.0,45.9,13.47,0
1210,0.0,0.0,44.22,11.84,0
1211,0.0,0.0,42.36,5.75,0
1212,0.0098,1.0,43.52,3.76,0
1213,0.0238,1.0,43.33,6.84,0
1214,0.022000000000000002,1.0,42.15,5.66,0
1215,0.021,1.0,42.19,4.91,0
1216,0.016,1.0,42.24,5.36,0
1217,0.0,0.0,40.6,5.84,0
1218,0.0,0.0,40.71,7.05,0
1219,0.0,0.0,40.87,8.42,0
1220,0.0,0.0,37.48,8.47,0
1221,0.0,0.0,37.95,9.72,0
1222,0.0,0.0,36.93,11.42,0
1223,0.0,0.0,40.02,12.73,0
1224,0.0,0.0,43.64,15.69,0
1225,0.0,0.0,45.16,16.6,0
1226,0.0,0.0,47.51,19.03,0
1227,0.0,0.0,45.04,15.34,0
1228,0.099,1.0,46.92,18.47,0
1229,0.0448,0.88,44.17,14.86,0
1230,0.012,0.33,46.23,14.65,0
1231,0.0335,0.92,47.62,14.85,0
1232,0.0,0.0,46.94,18.52,0
1233,0.009000000000000001,0.15,48.94,19.21,0
1234,0.0,0.0,44.89,13.56,0
1235,0.006,0.01,44.45,12.64,0
1236,0.0,0.0,40.98,10.84,0
1237,0.0,0.0,42.12,6.24,0
1238,0.0,0.0,39.2,7.17,0
1239,0.0,0.0,39.1,3.56,0
1240,0.0,0.0,38.43,4.94,0
1241,0.0,0.0,36.33,6.44,0
1242,0.0,0.0,36.11,6.12,0
1243,0.0,0.0,38.05,7.58,0
1244,0.0,0.0,38.81,7.53,0
1245,0.0,0.0,38.94,5.76,0
1246,0.0,0.0,41.45,7.6,0
1247,0.0,0.0,44.27,6.96,0
1248,0.0,0.0,46.09,6.48,0
1249,0.0,0.0,46.96,7.53,0
1250,0.0,0.0,50.72,8.96,0
1251,0.0,0.0,50.4,10.76,0
1252,0.0,0.0,49.78,7.5,0
1253,0.0,0.0,51.14,7.19,0
1254,0.0,0.0,52.65,7.59,0
1255,0.0,0.0,50.81,5.93,0
1256,0.0,0.0,52.44,4.55,0
1257,0.0,0.0,52.11,3.41,0
1258,0.0,0.0,50.32,3.66,0
1259,0.0,0.0,47.86,5.65,0
1260,0.0,0.0,45.7,11.08,0
1261,0.0,0.0,45.46,6.0,0
1262,0.0,0.0,43.79,1.74,0
1263,0.0043,0.01,43.54,8.86,0
1264,0.0,0.0,41.38,13.4,0
1265,0.0,0.0,39.29,5.2,0
1266,0.0,0.0,38.0,4.25,0
1267,0.0,0.0,38.12,6.68,0
1268,0.0,0.0,37.86,6.48,0
1269,0.0,0.0,39.01,6.78,0
1270,0.0,0.0,42.17,6.19,0
1271,0.0,0.0,45.74,6.63,0
1272,0.0,0.0,47.4,6.92,0
1273,0.0,0.0,49.25,7.89,0
1274,0.0,0.0,49.71,9.39,0
1275,0.0,0.0,51.0,8.93,0
1276,0.0,0.0,49.85,8.45,0
1277,0.0,0.0,50.05,9.98,0
1278,0.0,0.0,52.29,10.65,0
1279,0.005,0.64,50.8,8.99,0
1280,0.0,0.0,52.64,6.35,0
1281,0.0,0.0,51.52,6.82,0
1282,0.0,0.0,50.0,6.44,0
1283,0.0,0.0,47.64,1.99,0
1284,0.0,0.0,45.41,4.61,0
1285,0.0,0.0,42.68,1.42,0
1286,0.0,0.0,43.23,4.11,0
1287,0.0,0.0,41.82,6.7,0
1288,0.0,0.0,40.25,5.25,0
1289,0.003,0.4,40.32,4.14,0
1290,0.0,0.0,42.54,3.17,0
1291,0.0,0.0,43.28,2.33,0
1292,0.0,0.0,43.17,1.4,0
1293,0.0,0.0,44.09,1.12,0
1294,0.0,0.0,45.23,1.25,0
1295,0.0,0.0,48.61,4.68,0
1296,0.0,0.0,50.17,5.95,0
1297,0.0,0.0,51.59,5.52,0
1298,0.0,0.0,54.13,6.47,0
1299,0.0,0.0,55.69,4.66,0
1300,0.003,0.32,58.28,7.26,0
1301,0.0023,0.16,56.66,3.34,0
1302,0.0,0.0,56.47,5.02,0
1303,0.004,0.07,55.99,7.16,0
1304,0.0,0.0,56.38,5.52,0
1305,0.0,0.0,55.7,6.17,0
1306,0.0063,0.81,55.11,6.59,0
1307,0.0023,0.02,53.19,5.19,0
1308,0.002,0.06,50.94,6.3,0
1309,0.0,0.0,49.47,6.92,0
1310,0.0,0.0,48.32,8.84,0
1311,0.0,0.0,49.2,8.0,0
1312,0.0,0.0,49.58,9.26,0
1313,0.003,0.4,48.77,10.63,0
1314,0.008,1.0,48.72,9.76,0
1315,0.018000000000000002,1.0,49.16,10.01,0
1316,0.016,1.0,48.28,9.67,0
1317,0.0738,1.0,46.62,11.27,0
1318,0.033,1.0,45.99,11.59,0
1319,0.059000000000000004,1.0,46.37,13.26,0
1320,0.149,1.0,47.21,14.18,0
1321,0.0068,0.69,50.01,13.28,0
1322,0.0625,1.0,51.55,10.75,0
1323,0.0145,1.0,53.91,11.88,0
1324,0.005,0.14,53.81,12.07,0
1325,0.055999999999999994,1.0,53.34,15.57,0
1326,0.0135,0.36,54.07,12.67,0
1327,0.0,0.0,51.79,11.18,0
1328,0.0826,1.0,49.77,9.32,0
1329,0.0,0.0,52.19,9.37,0
1330,0.0,0.0,49.55,9.3,0
1331,0.0,0.0,49.36,9.28,0
1332,0.0,0.0,47.45,6.57,0
1333,0.0,0.0,49.54,7.97,0
1334,0.0,0.0,47.5,5.65,0
1335,0.0,0.0,46.67,7.52,0
1336,0.0,0.0,48.83,6.74,0
1337,0.0,0.0,49.16,4.34,0
1338,0.0,0.0,49.32,2.88,0
1339,0.003,0.04,50.27,5.89,0
1340,0.0,0.0,47.99,3.85,0
1341,0.0,0.0,48.87,8.73,0
1342,0.0,0.0,50.54,3.64,0
1343,0.0,0.0,51.33,6.5,0
1344,0.0,0.0,50.98,7.15,0
1345,0.0,0.0,51.88,5.39,0
1346,0.0,0.0,52.61,4.05,0
1347,0.0,0.0,52.8,6.97,0
1348,0.0043,0.65,52.17,8.12,0
1349,0.0,0.0,53.28,10.27,0
1350,0.0052,0.99,53.16,11.74,0
1351,0.0,0.0,52.72,10.35,0
1352,0.0,0.0,51.11,11.34,0
1353,0.0,0.0,50.41,10.49,0
1354,0.0,0.0,49.21,6.06,0
1355,0.0,0.0,47.59,4.8,0
1356,0.0,0.0,47.23,5.3,0
1357,0.0,0.0,45.83,4.46,0
1358,0.004,0.24,46.67,3.13,0
1359,0.0,0.0,45.46,3.2,0
1360,0.0,0.0,46.09,1.85,0
1361,0.0,0.0,46.78,2.23,0
1362,0.0,0.0,46.09,1.01,0
1363,0.0115,0.2,45.27,1.64,0
1364,0.0,0.0,45.0,2.55,0
1365,0.0,0.0,44.6,1.66,0
1366,0.0,0.0,46.07,2.14,0
1367,0.0,0.0,47.62,2.52,0
1368,0.0,0.0,49.1,5.74,0
1369,0.0,0.0,50.73,4.67,0
1370,0.0233,0.88,53.0,2.89,0
1371,0.0288,0.45,55.31,5.48,0
1372,0.002,0.02,57.19,5.78,0
1373,0.10300000000000001,0.97,56.75,5.9,0
1374,0.0,0.0,57.22,9.1,0
1375,0.0465,1.0,56.39,8.94,0
1376,0.0083,0.03,56.17,7.15,0
1377,0.0,0.0,53.91,8.97,0
1378,0.0,0.0,50.81,8.52,0
1379,0.0243,1.0,48.8,10.26,0
1380,0.1265,1.0,47.42,6.96,0
1381,0.0,0.0,48.51,5.36,0
1382,0.0548,1.0,47.88,5.57,0
1383,0.0483,0.96,47.91,5.33,0
1384,0.0888,1.0,47.73,6.48,0
1385,0.0,0.0,47.68,3.91,0
1386,0.0023,0.02,47.15,9.42,0
1387,0.0,0.0,46.55,4.43,0
1388,0.009000000000000001,0.99,46.76,4.99,0
1389,0.012,1.0,46.78,5.37,0
1390,0.0198,1.0,47.62,4.55,0
1391,0.0078,1.0,47.82,5.12,0
1392,0.0188,1.0,47.89,3.96,0
1393,0.0,0.0,49.55,7.76,0
1394,0.0,0.0,49.44,5.59,0
1395,0.0,0.0,51.39,5.65,0
1396,0.0015,0.01,52.86,6.03,0
1397,0.0163,0.91,55.31,8.73,0
1398,0.0,0.0,55.29,6.48,0
1399,0.0,0.0,54.97,6.93,0
1400,0.0,0.0,56.3,6.45,0
1401,0.0,0.0,54.72,6.23,0
1402,0.0,0.0,53.3,5.89,0
1403,0.0173,1.0,51.99,4.11,0
1404,0.0,0.0,48.45,2.1,0
1405,0.0,0.0,47.47,2.64,0
1406,0.0,0.0,46.8,2.05,0
1407,0.0,0.0,45.16,3.18,0
1408,0.0,0.0,41.71,0.56,0
1409,0.0,0.0,37.94,2.45,0
1410,0.0,0.0,38.46,1.63,0
1411,0.0,0.0,38.51,0.81,0
1412,0.0,0.0,36.74,1.47,0
1413,0.0,0.0,37.03,2.73,0
1414,0.0,0.0,40.91,1.6,0
1415,0.0,0.0,45.61,2.31,0
1416,0.0,0.0,53.91,2.93,0
1417,0.0,0.0,55.26,5.04,0
1418,0.0,0.0,57.54,4.87,0
1419,0.0,0.0,57.46,5.71,0
1420,0.0,0.0,58.47,8.01,0
1421,0.0,0.0,59.08,3.72,0
1422,0.0,0.0,59.55,2.61,0
1423,0.0,0.0,59.78,4.35,0
1424,0.0,0.0,61.97,5.8,0
1425,0.0,0.0,59.69,8.12,0
1426,0.0,0.0,56.59,10.4,0
1427,0.0,0.0,52.6,13.32,0
1428,0.0,0.0,48.61,8.84,0
1429,0.0,0.0,46.54,7.76,0
1430,0.0,0.0,44.4,6.71,0
1431,0.0,0.0,43.25,4.91,0
1432,0.0,0.0,41.87,4.57,0
1433,0.0,0.0,41.17,3.26,0
1434,0.0,0.0,38.25,1.25,0
1435,0.0,0.0,39.78,0.93,0
1436,0.0,0.0,36.68,0.84,0
1437,0.0,0.0,38.67,1.72,0
1438,0.0,0.0,40.87,2.03,0
1439,0.0,0.0,46.46,2.45,0
1440,0.0,0.0,53.97,5.91,0
1441,0.0,0.0,56.7,3.45,0
1442,0.0,0.0,57.69,5.62,0
1443,0.0,0.0,59.38,5.81,0
1444,0.0,0.0,60.87,6.93,0
1445,0.0,0.0,62.38,8.44,0
1446,0.0,0.0,62.14,7.91,0
1447,0.0,0.0,62.68,7.91,0
1448,0.0,0.0,62.85,8.11,0
1449,0.0,0.0,61.3,9.53,0
1450,0.0,0.0,56.7,8.07,0
1451,0.0,0.0,53.57,8.76,0
1452,0.0,0.0,50.32,7.3,0
1453,0.0,0.0,49.15,5.33,0
1454,0.0,0.0,45.02,4.46,0
1455,0.0,0.0,42.01,4.29,0
1456,0.0,0.0,41.6,3.8,0
1457,0.0,0.0,39.77,2.93,0
1458,0.0,0.0,38.62,0.45,0
1459,0.0,0.0,40.69,0.48,0
1460,0.0,0.0,40.43,0.83,0
1461,0.0,0.0,41.9,1.16,0
1462,0.0,0.0,43.68,1.85,0
1463,0.0,0.0,50.67,2.25,0
1464,0.0,0.0,57.24,8.0,0
1465,0.0,0.0,60.02,10.73,0
1466,0.0,0.0,60.95,9.24,0
1467,0.0,0.0,61.63,7.55,0
1468,0.0,0.0,62.74,7.97,0
1469,0.0,0.0,63.84,7.42,0
1470,0.0,0.0,63.08,7.83,0
1471,0.0,0.0,63.66,7.2,0
1472,0.0,0.0,64.4,7.12,0
1473,0.0,0.0,63.39,8.01,0
1474,0.0,0.0,59.25,9.35,0
1475,0.0,0.0,55.79,10.01,0
1476,0.0,0.0,51.55,6.78,0
1477,0.0,0.0,47.74,5.33,0
1478,0.0,0.0,47.32,6.46,0
1479,0.0,0.0,44.43,4.28,0
1480,0.0,0.0,42.78,4.36,0
1481,0.0,0.0,40.92,4.12,0
1482,0.0,0.0,41.3,3.04,0
1483,0.0,0.0,40.64,0.69,0
1484,0.0,0.0,41.86,2.68,0
1485,0.0,0.0,41.78,0.35,0
1486,0.0,0.0,43.7,2.91,0
1487,0.0,0.0,52.33,0.88,0
1488,0.0,0.0,58.1,5.0,0
1489,0.0,0.0,59.73,6.15,0
1490,0.0,0.0,61.5,0.82,0
1491,0.0,0.0,63.43,4.94,0
1492,0.0,0.0,64.24,3.54,0
1493,0.0,0.0,65.03,3.39,0
1494,0.0,0.0,65.72,4.28,0
1495,0.0,0.0,66.5,5.46,0
1496,0.0,0.0,65.99,5.2,0
1497,0.0,0.0,64.59,8.28,0
1498,0.0,0.0,59.75,12.18,0
1499,0.0,0.0,55.65,11.28,0
1500,0.0,0.0,50.73,10.17,0
1501,0.0,0.0,48.1,8.48,0
1502,0.0,0.0,47.37,7.32,0
1503,0.0,0.0,46.26,8.21,0
1504,0.0,0.0,44.47,5.33,0
1505,0.0,0.0,41.46,4.46,0
1506,0.0,0.0,38.74,7.2,0
1507,0.0,0.0,40.98,7.25,0
1508,0.0,0.0,42.17,6.28,0
1509,0.0,0.0,43.16,6.9,0
1510,0.0,0.0,46.63,6.86,0
1511,0.0,0.0,53.78,9.54,0
1512,0.0,0.0,57.35,13.05,0
1513,0.0,0.0,60.0,12.23,0
1514,0.0,0.0,61.77,12.33,0
1515,0.0,0.0,62.03,14.79,0
1516,0.0,0.0,61.44,14.09,0
1517,0.0,0.0,62.71,14.25,0
1518,0.0,0.0,62.31,13.45,0
1519,0.0,0.0,62.16,14.37,0
1520,0.0,0.0,60.93,17.05,0
1521,0.0,0.0,57.98,15.84,0
1522,0.0,0.0,54.88,12.43,0
1523,0.0,0.0,53.09,16.08,0
1524,0.0,0.0,51.13,11.66,0
1525,0.0,0.0,48.5,7.64,0
1526,0.0,0.0,47.42,7.75,0
1527,0.0278,0.89,46.22,6.74,0
1528,0.0,0.0,49.11,8.45,0
1529,0.0,0.0,51.99,8.55,0
1530,0.0,0.0,52.5,9.7,0
1531,0.0,0.0,51.99,9.41,0
1532,0.0015,0.01,50.63,10.71,0
1533,0.0,0.0,51.11,9.47,0
1534,0.0,0.0,52.45,10.86,0
1535,0.0,0.0,53.91,9.75,0
1536,0.0,0.0,56.34,10.76,0
1537,0.0,0.0,57.5,10.58,0
1538,0.0,0.0,56.97,10.42,0
1539,0.0,0.0,56.17,11.57,0
1540,0.0,0.0,55.68,11.32,0
1541,0.0,0.0,56.09,10.07,0
1542,0.0,0.0,55.12,10.22,0
1543,0.0,0.0,53.4,10.7,0
1544,0.0,0.0,53.82,10.51,0
1545,0.0,0.0,53.5,9.92,0
1546,0.0,0.0,52.63,9.14,0
1547,0.0,0.0,52.19,6.35,0
1548,0.0,0.0,50.42,7.41,0
1549,0.0,0.0,50.4,7.19,0
1550,0.0,0.0,50.66,4.56,0
1551,0.009000000000000001,1.0,50.94,0.38,0
1552,0.0,0.0,51.25,3.05,0
1553,0.0,0.0,51.27,3.31,0
1554,0.0,0.0,50.44,3.39,0
1555,0.0,0.0,50.3,0.15,0
1556,0.003,0.66,51.34,0.33,0
1557,0.0,0.0,50.89,1.23,0
1558,0.0,0.0,51.21,0.78,0
1559,0.0,0.0,53.93,3.36,0
1560,0.0,0.0,54.55,1.47,0
1561,0.0,0.0,55.24,1.74,0
1562,0.006,0.6,55.93,0.34,0
1563,0.0,0.0,56.6,1.68,0
1564,0.006,0.39,58.07,2.06,0
1565,0.0,0.0,60.62,3.05,0
1566,0.0,0.0,62.89,5.58,0
1567,0.006999999999999999,0.17,60.74,8.14,0
1568,0.0,0.0,60.06,3.58,0
1569,0.0,0.0,62.13,2.4,0
1570,0.0,0.0,57.69,2.17,0
1571,0.0,0.0,53.0,5.52,0
1572,0.0,0.0,52.47,2.43,0
1573,0.0,0.0,51.31,3.83,0
1574,0.0,0.0,52.17,3.77,0
1575,0.0,0.0,51.04,3.06,0
1576,0.0,0.0,50.9,0.76,0
1577,0.0,0.0,47.35,1.5,0
1578,0.0,0.0,44.67,1.34,0
1579,0.0,0.0,46.46,1.14,0
1580,0.0,0.0,46.74,1.03,0
1581,0.0,0.0,48.87,1.28,0
1582,0.0,0.0,49.7,2.65,0
1583,0.0,0.0,51.2,1.22,0
1584,0.0,0.0,53.44,1.29,0
1585,0.0,0.0,54.22,1.91,0
1586,0.0,0.0,56.6,4.93,0
1587,0.0,0.0,57.43,5.43,0
1588,0.0,0.0,59.78,3.33,0
1589,0.002,0.02,62.39,3.68,0
1590,0.0,0.0,62.18,3.39,0
1591,0.002,0.17,62.53,3.27,0
1592,0.0,0.0,64.15,4.97,0
1593,0.0,0.0,61.47,4.6,0
1594,0.0125,0.05,59.38,4.84,0
1595,0.0,0.0,57.49,7.42,0
1596,0.0,0.0,55.66,7.57,0
1597,0.0,0.0,54.5,6.32,0
1598,0.0,0.0,53.65,4.8,0
1599,0.0,0.0,52.34,1.12,0
1600,0.004,0.01,52.17,2.33,0
1601,0.0,0.0,52.28,3.91,0
1602,0.0,0.0,50.85,4.11,0
1603,0.0,0.0,51.36,3.37,0
1604,0.0,0.0,51.45,5.88,0
1605,0.005,0.7,51.82,4.77,0
1606,0.0,0.0,53.0,4.59,0
1607,0.0,0.0,54.53,6.84,0
1608,0.0,0.0,56.69,8.92,0
1609,0.0,0.0,56.47,7.44,0
1610,0.0,0.0,58.93,7.33,0
1611,0.0,0.0,61.94,7.75,0
1612,0.0,0.0,62.68,8.58,0
1613,0.0,0.0,64.28,7.89,0
1614,0.0,0.0,64.9,9.43,0
1615,0.0,0.0,65.33,7.91,0
1616,0.0,0.0,65.05,7.0,0
1617,0.0,0.0,62.96,4.82,0
1618,0.0,0.0,62.42,7.42,0
1619,0.0,0.0,59.37,4.75,0
1620,0.0,0.0,57.56,5.11,0
1621,0.0,0.0,56.69,3.61,0
1622,0.0,0.0,52.67,2.41,0
1623,0.0,0.0,51.2,2.1,0
1624,0.0,0.0,47.83,2.44,0
1625,0.0,0.0,45.76,5.92,0
1626,0.0,0.0,44.37,6.22,0
1627,0.0,0.0,45.94,5.41,0
1628,0.0,0.0,44.55,5.58,0
1629,0.0,0.0,45.09,0.94,0
1630,0.0,0.0,47.24,3.46,0
1631,0.0,0.0,51.31,5.56,0
1632,0.0,0.0,57.63,7.28,0
1633,0.0,0.0,60.1,8.1,0
1634,0.0,0.0,61.86,9.31,0
1635,0.0,0.0,63.42,10.58,0
1636,0.0,0.0,65.39,10.21,0
1637,0.0,0.0,66.03,8.71,0
1638,0.0,0.0,65.18,8.2,0
1639,0.0,0.0,66.11,7.56,0
1640,0.0,0.0,66.17,9.18,0
1641,0.0,0.0,65.17,7.38,0
1642,0.0,0.0,63.06,6.99,0
1643,0.0,0.0,59.13,4.55,0
1644,0.0,0.0,56.49,2.14,0
1645,0.0,0.0,54.85,3.85,0
1646,0.0,0.0,52.03,8.25,0
1647,0.0,0.0,50.48,6.7,0
1648,0.0,0.0,46.96,2.22,0
1649,0.0,0.0,43.47,2.71,0
1650,0.0,0.0,43.75,1.77,0
1651,0.0,0.0,43.95,3.47,0
1652,0.0,0.0,44.06,3.75,0
1653,0.0,0.0,45.21,1.33,0
1654,0.0,0.0,46.82,1.4,0
1655,0.0,0.0,53.44,4.88,0
1656,0.0,0.0,58.68,2.19,0
