color,precipIntensity,precipProbability,summary,temperature,timestamp,visibility,windSpeed
yellow,0.0,0.0,Partly Cloudy,47.62,2009-11-15 09:00:00,6.216,4.62
yellow,0.0,0.0,Partly Cloudy,50.06,2009-11-15 10:00:00,6.216,8.16
green,0.0,0.0,Partly Cloudy,52.58,2009-11-15 11:00:00,6.216,10.14
green,0.0,0.0,Partly Cloudy,54.09,2009-11-15 12:00:00,6.216,10.22
green,0.0,0.0,Partly Cloudy,55.15,2009-11-15 13:00:00,6.216,10.8
green,0.0,0.0,Partly Cloudy,55.39,2009-11-15 14:00:00,6.216,9.34
green,0.0,0.0,Partly Cloudy,55.05,2009-11-15 15:00:00,6.216,7.91
green,0.0,0.0,Partly Cloudy,53.05,2009-11-15 16:00:00,6.216,5.27
green,0.0,0.0,Clear,51.13,2009-11-15 17:00:00,6.216,5.36
green,0.0,0.0,Clear,49.39,2009-11-15 18:00:00,6.216,4.8
green,0.0,0.0,Clear,48.21,2009-11-15 19:00:00,6.216,6.1
green,0.0,0.0,Clear,47.77,2009-11-15 20:00:00,6.216,4.54
green,0.0,0.0,Clear,46.59,2009-11-15 21:00:00,6.216,4.48
green,0.0,0.0,Clear,45.32,2009-11-15 22:00:00,6.216,3.71
green,0.0,0.0,Clear,45.07,2009-11-15 23:00:00,6.216,4.38
green,0.0,0.0,Clear,45.14,2009-11-16 00:00:00,6.216,5.71
green,0.0,0.0,Clear,45.19,2009-11-16 01:00:00,6.216,6.6
green,0.0,0.0,Clear,46.27,2009-11-16 02:00:00,6.216,6.13
green,0.0,0.0,Clear,46.84,2009-11-16 03:00:00,6.216,6.04
green,0.0,0.0,Clear,48.32,2009-11-16 04:00:00,6.216,8.9
green,0.0,0.0,Partly Cloudy,49.13,2009-11-16 05:00:00,6.216,8.21
green,0.0,0.0,Mostly Cloudy,50.22,2009-11-16 06:00:00,6.216,12.25
green,0.0,0.0,Mostly Cloudy,50.84,2009-11-16 07:00:00,6.216,13.98
green,0.008,0.59,Possible Drizzle,51.56,2009-11-16 08:00:00,4.13,15.22
green,0.052,1.0,Light Rain,52.05,2009-11-16 09:00:00,6.216,12.03
green,0.018,0.94,Light Rain,54.04,2009-11-16 10:00:00,6.216,12.01
green,0.001,0.15,Mostly Cloudy,56.0,2009-11-16 11:00:00,6.216,18.61
green,0.0,0.0,Mostly Cloudy,55.52,2009-11-16 12:00:00,6.216,21.49
yellow,0.0,0.0,Partly Cloudy,55.38,2009-11-16 13:00:00,6.216,20.78
yellow,0.0,0.0,Partly Cloudy,55.17,2009-11-16 14:00:00,6.216,20.42
yellow,0.0,0.0,Partly Cloudy,54.61,2009-11-16 15:00:00,6.216,13.7
yellow,0.0,0.0,Partly Cloudy,53.71,2009-11-16 16:00:00,6.216,14.52
yellow,0.0,0.0,Partly Cloudy,53.02,2009-11-16 17:00:00,6.216,14.37
yellow,0.0,0.0,Partly Cloudy,52.2,2009-11-16 18:00:00,6.216,12.81
yellow,0.0,0.0,Partly Cloudy,52.09,2009-11-16 19:00:00,6.216,14.89
yellow,0.0,0.0,Partly Cloudy,51.61,2009-11-16 20:00:00,6.216,14.79
green,0.0,0.0,Clear,50.33,2009-11-16 21:00:00,6.216,13.01
green,0.0,0.0,Clear,49.72,2009-11-16 22:00:00,6.216,11.62
green,0.0,0.0,Clear,49.64,2009-11-16 23:00:00,6.216,11.57
green,0.0,0.0,Clear,49.19,2009-11-17 00:00:00,6.216,11.01
green,0.0,0.0,Clear,48.65,2009-11-17 01:00:00,6.216,13.25
green,0.0,0.0,Clear,48.38,2009-11-17 02:00:00,6.216,9.36
green,0.0,0.0,Clear,48.55,2009-11-17 03:00:00,6.216,11.2
green,0.0,0.0,Clear,48.58,2009-11-17 04:00:00,6.216,11.25
green,0.0,0.0,Clear,48.34,2009-11-17 05:00:00,6.216,10.15
green,0.0,0.0,Clear,47.73,2009-11-17 06:00:00,6.216,8.49
green,0.0,0.0,Clear,47.12,2009-11-17 07:00:00,6.216,9.7
green,0.0,0.0,Clear,46.54,2009-11-17 08:00:00,6.216,8.4
green,0.0,0.0,Clear,47.53,2009-11-17 09:00:00,6.216,8.13
green,0.0,0.0,Clear,49.69,2009-11-17 10:00:00,6.216,10.4
green,0.0,0.0,Clear,51.56,2009-11-17 11:00:00,6.216,11.45
green,0.0,0.0,Partly Cloudy,53.39,2009-11-17 12:00:00,6.216,11.59
green,0.0,0.0,Partly Cloudy,53.57,2009-11-17 13:00:00,6.216,13.28
green,0.0,0.0,Mostly Cloudy,53.67,2009-11-17 14:00:00,6.216,13.69
green,0.0,0.0,Partly Cloudy,53.17,2009-11-17 15:00:00,6.216,12.94
green,0.0,0.0,Partly Cloudy,51.75,2009-11-17 16:00:00,6.216,11.41
green,0.0,0.0,Partly Cloudy,50.32,2009-11-17 17:00:00,6.216,9.41
green,0.0,0.0,Clear,49.29,2009-11-17 18:00:00,6.216,11.11
green,0.0,0.0,Clear,49.86,2009-11-17 19:00:00,6.216,13.18
green,0.0,0.0,Clear,49.92,2009-11-17 20:00:00,6.216,12.55
green,0.0,0.0,Clear,49.93,2009-11-17 21:00:00,6.216,12.99
green,0.0,0.0,Clear,49.94,2009-11-17 22:00:00,6.216,13.8
yellow,0.0,0.0,Clear,50.75,2009-11-17 23:00:00,6.216,15.7
yellow,0.0,0.0,Clear,51.12,2009-11-18 00:00:00,6.216,13.64
yellow,0.0,0.0,Mostly Cloudy,51.22,2009-11-18 01:00:00,6.216,13.98
yellow,0.0,0.0,Partly Cloudy,51.6,2009-11-18 02:00:00,6.216,14.37
yellow,0.0,0.0,Partly Cloudy,52.06,2009-11-18 03:00:00,6.216,18.78
yellow,0.0,0.0,Clear,53.13,2009-11-18 04:00:00,6.216,17.15
yellow,0.0,0.0,Mostly Cloudy,53.9,2009-11-18 05:00:00,6.216,17.24
yellow,0.0,0.0,Mostly Cloudy,54.51,2009-11-18 06:00:00,6.216,21.1
yellow,0.0,0.0,Mostly Cloudy,54.98,2009-11-18 07:00:00,6.216,21.48
yellow,0.0,0.0,Mostly Cloudy,55.14,2009-11-18 08:00:00,6.216,23.11
yellow,0.0,0.0,Mostly Cloudy,55.43,2009-11-18 09:00:00,6.216,23.35
yellow,0.0,0.0,Mostly Cloudy,56.36,2009-11-18 10:00:00,6.216,23.54
yellow,0.0,0.0,Windy and Mostly Cloudy,57.51,2009-11-18 11:00:00,6.216,23.83
yellow,0.0,0.0,Mostly Cloudy,57.78,2009-11-18 12:00:00,6.216,22.59
yellow,0.0,0.0,Mostly Cloudy,57.62,2009-11-18 13:00:00,6.216,23.37
yellow,0.0,0.0,Mostly Cloudy,57.21,2009-11-18 14:00:00,6.216,19.77
yellow,0.0,0.0,Overcast,57.1,2009-11-18 15:00:00,6.216,17.85
yellow,0.0,0.0,Mostly Cloudy,57.11,2009-11-18 16:00:00,6.216,15.57
yellow,0.0,0.0,Overcast,56.79,2009-11-18 17:00:00,6.216,15.26
yellow,0.0,0.0,Mostly Cloudy,55.68,2009-11-18 18:00:00,6.216,14.56
yellow,0.0,0.0,Partly Cloudy,55.25,2009-11-18 19:00:00,6.216,13.12
yellow,0.0,0.0,Partly Cloudy,55.09,2009-11-18 20:00:00,6.216,12.67
yellow,0.0,0.0,Mostly Cloudy,55.0,2009-11-18 21:00:00,6.216,14.17
yellow,0.0,0.0,Clear,55.09,2009-11-18 22:00:00,6.216,16.99
yellow,0.0,0.0,Partly Cloudy,55.05,2009-11-18 23:00:00,6.216,16.02
yellow,0.0,0.0,Clear,55.59,2009-11-19 00:00:00,6.216,14.81
yellow,0.0,0.0,Clear,55.61,2009-11-19 01:00:00,6.216,17.38
yellow,0.0,0.0,Partly Cloudy,55.62,2009-11-19 02:00:00,6.216,15.96
yellow,0.0,0.0,Partly Cloudy,55.52,2009-11-19 03:00:00,6.216,16.46
yellow,0.0,0.0,Overcast,55.13,2009-11-19 05:00:00,6.216,13.05
yellow,0.0,0.0,Mostly Cloudy,55.83,2009-11-19 06:00:00,6.216,15.59
yellow,0.0,0.0,Overcast,56.36,2009-11-19 07:00:00,6.216,16.11
yellow,0.0,0.0,Mostly Cloudy,56.08,2009-11-19 08:00:00,6.216,18.43
yellow,0.0,0.0,Mostly Cloudy,55.52,2009-11-19 09:00:00,6.216,19.21
yellow,0.0,0.0,Mostly Cloudy,56.28,2009-11-19 10:00:00,6.216,19.0
yellow,0.0,0.0,Mostly Cloudy,56.98,2009-11-19 11:00:00,6.216,19.96
yellow,0.0,0.0,Partly Cloudy,57.61,2009-11-19 12:00:00,6.216,20.37
yellow,0.0,0.0,Partly Cloudy,57.83,2009-11-19 13:00:00,6.216,19.19
yellow,0.0,0.0,Partly Cloudy,57.49,2009-11-19 14:00:00,6.216,16.88
yellow,0.0,0.0,Clear,56.1,2009-11-19 15:00:00,6.216,15.92
green,0.0,0.0,Clear,54.48,2009-11-19 16:00:00,6.216,13.71
green,0.0,0.0,Clear,53.76,2009-11-19 17:00:00,6.216,12.93
green,0.0,0.0,Clear,53.76,2009-11-19 18:00:00,6.216,14.19
green,0.0,0.0,Clear,53.76,2009-11-19 19:00:00,6.216,13.43
green,0.0,0.0,Clear,53.76,2009-11-19 20:00:00,6.216,15.32
green,0.0,0.0,Clear,54.04,2009-11-19 21:00:00,6.216,12.35
green,0.0,0.0,Clear,54.74,2009-11-19 22:00:00,6.216,14.99
green,0.0,0.0,Clear,55.09,2009-11-19 23:00:00,6.216,15.72
green,0.0,0.0,Clear,55.36,2009-11-20 00:00:00,6.216,14.26
green,0.0,0.0,Clear,55.11,2009-11-20 01:00:00,6.216,13.66
green,0.0,0.0,Overcast,55.62,2009-11-20 02:00:00,6.216,13.39
green,0.0,0.0,Overcast,55.98,2009-11-20 03:00:00,6.216,13.93
green,0.0,0.0,Mostly Cloudy,56.65,2009-11-20 04:00:00,6.216,15.12
green,0.0,0.0,Partly Cloudy,56.78,2009-11-20 05:00:00,6.216,12.78
green,0.0,0.0,Mostly Cloudy,56.55,2009-11-20 06:00:00,6.216,14.44
green,0.005,0.13,Overcast,56.5,2009-11-20 07:00:00,6.216,16.72
green,0.001,0.05,Mostly Cloudy,55.55,2009-11-20 08:00:00,6.216,15.41
green,0.0,0.0,Mostly Cloudy,56.34,2009-11-20 09:00:00,6.216,14.68
green,0.0,0.0,Mostly Cloudy,57.01,2009-11-20 10:00:00,6.216,15.06
green,0.001,0.1,Mostly Cloudy,57.56,2009-11-20 11:00:00,6.216,13.43
green,0.035,1.0,Light Rain,57.57,2009-11-20 12:00:00,6.216,12.38
green,0.026,0.72,Light Rain,56.02,2009-11-20 13:00:00,6.216,12.87
green,0.002,0.38,Possible Drizzle,57.15,2009-11-20 14:00:00,6.216,13.13
green,0.0,0.0,Partly Cloudy,56.94,2009-11-20 15:00:00,6.216,10.15
green,0.0,0.0,Partly Cloudy,55.52,2009-11-20 16:00:00,6.216,9.22
green,0.0,0.0,Clear,53.32,2009-11-20 17:00:00,6.216,8.29
green,0.0,0.0,Clear,51.38,2009-11-20 18:00:00,6.216,6.62
green,0.0,0.0,Clear,50.23,2009-11-20 19:00:00,6.216,4.73
green,0.0,0.0,Clear,48.86,2009-11-20 20:00:00,6.216,5.17
green,0.0,0.0,Clear,47.83,2009-11-20 21:00:00,6.216,4.45
green,0.0,0.0,Clear,47.55,2009-11-20 22:00:00,6.216,4.14
green,0.0,0.0,Clear,46.19,2009-11-20 23:00:00,6.216,3.57
green,0.0,0.0,Clear,45.66,2009-11-21 00:00:00,6.216,4.24
green,0.0,0.0,Foggy,47.64,2009-11-21 01:00:00,1.489,4.55
green,0.0,0.0,Mostly Cloudy,47.53,2009-11-21 02:00:00,5.591,4.32
green,0.0,0.0,Overcast,48.31,2009-11-21 03:00:00,5.591,5.54
green,0.0,0.0,Overcast,48.3,2009-11-21 04:00:00,6.216,4.74
green,0.0,0.0,Mostly Cloudy,48.86,2009-11-21 05:00:00,6.216,6.12
green,0.0,0.0,Overcast,50.2,2009-11-21 06:00:00,6.216,7.56
green,0.001,0.14,Overcast,51.86,2009-11-21 07:00:00,6.216,7.93
green,0.001,0.18,Overcast,53.32,2009-11-21 08:00:00,5.042,8.6
green,0.0,0.0,Overcast,54.63,2009-11-21 09:00:00,5.846,9.99
green,0.0,0.0,Mostly Cloudy,55.66,2009-11-21 10:00:00,6.216,12.36
green,0.0,0.0,Overcast,57.04,2009-11-21 11:00:00,6.216,11.68
green,0.0,0.0,Mostly Cloudy,57.65,2009-11-21 12:00:00,6.216,12.07
green,0.0,0.0,Mostly Cloudy,58.12,2009-11-21 13:00:00,6.216,12.77
green,0.0,0.0,Partly Cloudy,58.64,2009-11-21 14:00:00,6.216,11.3
yellow,0.0,0.0,Mostly Cloudy,47.91,2009-11-23 07:00:00,6.216,10.78
yellow,0.006,0.48,Possible Drizzle,48.09,2009-11-23 08:00:00,4.889,11.28
green,0.027,0.81,Light Rain,48.69,2009-11-23 09:00:00,6.216,13.36
green,0.0,0.0,Partly Cloudy,51.34,2009-11-23 10:00:00,6.216,11.56
green,0.0,0.0,Partly Cloudy,53.12,2009-11-23 11:00:00,6.216,14.06
green,0.0,0.0,Mostly Cloudy,54.63,2009-11-23 12:00:00,6.216,16.64
green,0.0,0.0,Mostly Cloudy,54.99,2009-11-23 13:00:00,6.216,19.35
green,0.005,0.52,Possible Drizzle,55.2,2009-11-23 14:00:00,6.216,18.47
green,0.002,0.5,Possible Drizzle,54.46,2009-11-23 15:00:00,6.216,21.66
green,0.009,0.32,Possible Drizzle,50.52,2009-11-23 16:00:00,6.216,15.94
green,0.0,0.0,Partly Cloudy,49.92,2009-11-23 17:00:00,6.216,10.51
green,0.0,0.0,Mostly Cloudy,50.52,2009-11-23 18:00:00,6.216,12.42
green,0.0,0.0,Mostly Cloudy,50.07,2009-11-23 19:00:00,6.216,12.03
green,0.0,0.0,Partly Cloudy,49.67,2009-11-23 20:00:00,6.216,10.52
green,0.0,0.0,Partly Cloudy,49.27,2009-11-23 21:00:00,6.216,11.2
green,0.0,0.0,Clear,48.37,2009-11-23 22:00:00,6.216,11.77
green,0.0,0.0,Clear,48.24,2009-11-23 23:00:00,6.216,12.64
green,0.0,0.0,Clear,47.49,2009-11-24 00:00:00,6.216,10.64
green,0.0,0.0,Mostly Cloudy,47.32,2009-11-24 01:00:00,6.216,9.08
green,0.0,0.0,Partly Cloudy,45.75,2009-11-24 02:00:00,6.216,7.75
green,0.0,0.0,Overcast,47.01,2009-11-24 03:00:00,6.216,8.69
green,0.0,0.0,Overcast,47.21,2009-11-24 04:00:00,6.216,7.83
green,0.0,0.0,Mostly Cloudy,47.3,2009-11-24 05:00:00,6.216,7.85
green,0.003,0.28,Mostly Cloudy,48.22,2009-11-24 06:00:00,6.216,8.23
green,0.018,0.9,Light Rain,49.32,2009-11-24 07:00:00,4.974,10.61
green,0.037,1.0,Light Rain,51.55,2009-11-24 08:00:00,6.216,12.36
green,0.002,0.36,Possible Drizzle,54.53,2009-11-24 09:00:00,6.216,15.73
green,0.0,0.0,Mostly Cloudy,55.27,2009-11-24 10:00:00,6.216,17.26
green,0.0,0.0,Partly Cloudy,55.57,2009-11-24 11:00:00,6.216,16.92
green,0.0,0.0,Mostly Cloudy,56.48,2009-11-24 12:00:00,6.216,17.43
green,0.0,0.0,Mostly Cloudy,56.72,2009-11-24 13:00:00,6.216,16.56
green,0.0,0.0,Mostly Cloudy,56.61,2009-11-24 14:00:00,6.216,15.91
green,0.0,0.0,Mostly Cloudy,56.58,2009-11-24 15:00:00,6.216,16.78
green,0.0,0.0,Mostly Cloudy,55.66,2009-11-24 16:00:00,6.216,17.79
green,0.0,0.0,Mostly Cloudy,55.64,2009-11-24 17:00:00,6.216,15.24
green,0.0,0.0,Overcast,55.5,2009-11-24 18:00:00,6.216,17.36
green,0.0,0.0,Overcast,54.52,2009-11-24 19:00:00,6.216,16.98
green,0.0,0.0,Mostly Cloudy,55.06,2009-11-24 20:00:00,6.216,16.32
green,0.0,0.0,Overcast,55.03,2009-11-24 21:00:00,6.216,19.33
green,0.0,0.0,Overcast,55.36,2009-11-24 22:00:00,6.216,19.82
green,0.0,0.0,Mostly Cloudy,55.9,2009-11-24 23:00:00,6.216,20.11
yellow,0.0,0.0,Mostly Cloudy,56.54,2009-11-25 00:00:00,6.216,21.22
yellow,0.001,0.07,Overcast,56.47,2009-11-25 01:00:00,6.216,19.78
yellow,0.01,0.18,Overcast,56.27,2009-11-25 02:00:00,6.216,19.89
yellow,0.026,0.45,Possible Light Rain,54.12,2009-11-25 03:00:00,6.216,21.09
yellow,0.081,1.0,Light Rain,51.6,2009-11-25 04:00:00,6.216,15.47
yellow,0.023,1.0,Light Rain,51.2,2009-11-25 05:00:00,6.216,14.59
yellow,0.013,0.93,Drizzle,49.89,2009-11-25 06:00:00,6.216,14.09
yellow,0.0,0.0,Partly Cloudy,48.17,2009-11-25 07:00:00,6.216,12.59
yellow,0.0,0.0,Clear,47.67,2009-11-25 08:00:00,6.216,11.14
green,0.0,0.0,Clear,47.59,2009-11-25 09:00:00,6.216,13.8
green,0.0,0.0,Clear,48.99,2009-11-25 10:00:00,6.216,14.81
green,0.0,0.0,Clear,50.16,2009-11-25 11:00:00,6.216,15.92
green,0.0,0.0,Clear,51.45,2009-11-25 12:00:00,6.216,19.04
green,0.0,0.0,Partly Cloudy,51.81,2009-11-25 13:00:00,6.216,18.54
green,0.0,0.0,Partly Cloudy,51.71,2009-11-25 14:00:00,6.216,15.35
green,0.0,0.0,Mostly Cloudy,51.2,2009-11-25 15:00:00,6.216,16.34
green,0.0,0.0,Partly Cloudy,48.51,2009-11-25 16:00:00,6.216,16.32
green,0.0,0.0,Partly Cloudy,47.18,2009-11-25 17:00:00,6.216,10.9
green,0.0,0.0,Clear,46.86,2009-11-25 20:00:00,6.216,13.59
green,0.0,0.0,Clear,46.65,2009-11-25 21:00:00,6.216,12.1
green,0.0,0.0,Clear,46.45,2009-11-25 22:00:00,6.216,12.04
green,0.0,0.0,Clear,46.24,2009-11-25 23:00:00,6.216,13.02
green,0.0,0.0,Clear,45.98,2009-11-26 00:00:00,6.216,12.76
green,0.0,0.0,Clear,46.13,2009-11-26 01:00:00,6.216,13.81
green,0.0,0.0,Partly Cloudy,46.63,2009-11-26 02:00:00,6.216,12.93
green,0.0,0.0,Clear,46.32,2009-11-26 03:00:00,6.216,11.81
green,0.0,0.0,Clear,45.94,2009-11-26 04:00:00,6.216,12.22
green,0.0,0.0,Clear,45.68,2009-11-26 05:00:00,6.216,12.67
green,0.0,0.0,Mostly Cloudy,44.69,2009-11-26 06:00:00,6.216,12.46
green,0.0,0.0,Partly Cloudy,44.83,2009-11-26 07:00:00,6.216,10.72
green,0.0,0.0,Partly Cloudy,44.53,2009-11-26 08:00:00,6.216,11.13
green,0.0,0.0,Partly Cloudy,44.49,2009-11-26 09:00:00,6.216,9.89
green,0.0,0.0,Clear,45.98,2009-11-26 10:00:00,6.216,14.01
green,0.0,0.0,Partly Cloudy,47.66,2009-11-26 11:00:00,6.216,15.09
green,0.0,0.0,Partly Cloudy,48.26,2009-11-26 12:00:00,6.216,18.87
green,0.0,0.0,Partly Cloudy,49.47,2009-11-26 13:00:00,6.216,17.46
green,0.0,0.0,Partly Cloudy,49.26,2009-11-26 14:00:00,6.216,16.62
green,0.0,0.0,Partly Cloudy,48.31,2009-11-26 15:00:00,6.216,15.31
green,0.0,0.0,Partly Cloudy,46.63,2009-11-26 16:00:00,6.216,12.97
green,0.0,0.0,Clear,45.41,2009-11-26 17:00:00,6.216,8.94
green,0.0,0.0,Clear,44.46,2009-11-26 18:00:00,6.216,7.89
green,0.0,0.0,Clear,43.15,2009-11-26 19:00:00,6.216,8.0
green,0.0,0.0,Partly Cloudy,43.09,2009-11-26 20:00:00,6.216,8.41
green,0.0,0.0,Clear,42.88,2009-11-26 21:00:00,6.216,7.78
green,0.0,0.0,Clear,42.24,2009-11-26 22:00:00,6.216,6.75
green,0.0,0.0,Clear,41.78,2009-11-26 23:00:00,6.216,7.63
green,0.0,0.0,Clear,42.24,2009-11-27 00:00:00,6.216,7.54
green,0.0,0.0,Partly Cloudy,42.36,2009-11-27 01:00:00,6.216,6.95
green,0.0,0.0,Clear,42.23,2009-11-27 02:00:00,6.216,6.28
green,0.0,0.0,Clear,41.2,2009-11-27 03:00:00,6.216,6.36
green,0.0,0.0,Clear,41.03,2009-11-27 04:00:00,6.216,6.78
green,0.0,0.0,Clear,40.56,2009-11-27 05:00:00,6.216,6.69
green,0.0,0.0,Clear,40.36,2009-11-27 06:00:00,6.216,9.12
green,0.0,0.0,Clear,39.71,2009-11-27 07:00:00,6.216,7.59
green,0.0,0.0,Overcast,34.43,2010-01-12 10:00:00,3.607,5.79
green,0.0,0.0,Overcast,33.89,2010-01-12 11:00:00,2.808,6.28
green,0.0,0.0,Overcast,33.88,2010-01-12 12:00:00,3.27,5.3
green,0.0,0.0,Mostly Cloudy,34.42,2010-01-12 13:00:00,4.663,6.89
green,0.0,0.0,Mostly Cloudy,34.8,2010-01-12 14:00:00,4.796,10.13
green,0.0,0.0,Mostly Cloudy,34.36,2010-01-12 15:00:00,6.048,10.16
green,0.0,0.0,Mostly Cloudy,34.08,2010-01-12 16:00:00,6.216,8.43
green,0.0,0.0,Overcast,34.07,2010-01-12 17:00:00,6.216,7.27
green,0.0,0.0,Mostly Cloudy,33.77,2010-01-12 18:00:00,6.089,8.64
green,0.0,0.0,Overcast,33.78,2010-01-12 19:00:00,6.216,8.54
green,0.0,0.0,Overcast,33.77,2010-01-12 20:00:00,6.216,8.88
green,0.0,0.0,Overcast,33.84,2010-01-12 21:00:00,6.216,10.44
green,0.0,0.0,Overcast,33.76,2010-01-12 22:00:00,6.216,8.73
green,0.0,0.0,Overcast,33.84,2010-01-12 23:00:00,6.216,9.78
green,0.0,0.0,Overcast,33.88,2010-01-13 00:00:00,6.216,8.61
green,0.0,0.0,Overcast,33.87,2010-01-13 01:00:00,6.216,8.39
green,0.0,0.0,Overcast,33.82,2010-01-13 02:00:00,6.216,7.9
green,0.0,0.0,Overcast,33.44,2010-01-13 03:00:00,6.216,7.76
green,0.0,0.0,Overcast,33.28,2010-01-13 04:00:00,6.216,6.72
green,0.0,0.0,Overcast,33.31,2010-01-13 05:00:00,6.216,7.1
green,0.0,0.0,Overcast,33.28,2010-01-13 06:00:00,6.216,6.94
green,0.0,0.0,Overcast,33.27,2010-01-13 07:00:00,6.216,5.65
green,0.0,0.0,Overcast,33.26,2010-01-13 08:00:00,5.649,4.13
green,0.0,0.0,Overcast,33.46,2010-01-13 09:00:00,5.459,3.68
green,0.0,0.0,Overcast,33.59,2010-01-13 10:00:00,3.757,4.0
green,0.0,0.0,Overcast,33.74,2010-01-13 11:00:00,4.724,4.02
green,0.001,0.19,Overcast,33.73,2010-01-13 12:00:00,2.992,4.44
green,0.003,0.28,Mostly Cloudy,33.7,2010-01-13 13:00:00,2.334,3.98
green,0.001,0.05,Overcast,33.82,2010-01-13 14:00:00,2.053,2.63
green,0.0,0.0,Foggy,33.58,2010-01-13 15:00:00,1.492,0.51
green,0.0,0.0,Foggy,32.66,2010-01-13 16:00:00,1.244,1.05
green,0.0,0.0,Foggy,32.5,2010-01-13 17:00:00,1.294,0.59
green,0.002,0.09,Foggy,32.4,2010-01-13 18:00:00,1.194,0.09
green,0.0,0.0,Foggy,31.89,2010-01-13 19:00:00,0.737,0.51
green,0.0,0.0,Foggy,31.61,2010-01-13 20:00:00,1.29,0.86
green,0.0,0.0,Foggy,31.25,2010-01-13 21:00:00,1.244,0.82
green,0.0,0.0,Foggy,30.89,2010-01-13 22:00:00,0.248,0.85
green,0.0,0.0,Foggy,30.9,2010-01-13 23:00:00,0.994,1.62
green,0.0,0.0,Overcast,31.2,2010-01-14 00:00:00,2.488,1.09
green,0.0,0.0,Overcast,31.67,2010-01-14 01:00:00,3.108,1.13
green,0.0,0.0,Overcast,32.0,2010-01-14 02:00:00,2.302,1.61
green,0.0,0.0,Overcast,32.6,2010-01-14 03:00:00,3.73,1.97
green,0.0,0.0,Overcast,32.97,2010-01-14 04:00:00,3.73,0.91
green,0.0,0.0,Overcast,33.29,2010-01-14 05:00:00,3.73,0.83
green,0.0,0.0,Foggy,33.26,2010-01-14 06:00:00,0.497,1.33
green,0.0,0.0,Foggy,33.53,2010-01-14 07:00:00,0.2,3.09
green,0.0,0.0,Foggy,33.68,2010-01-14 08:00:00,0.269,2.22
yellow,0.0,0.0,Partly Cloudy,39.39,2010-02-06 11:00:00,3.348,4.63
yellow,0.0,0.0,Partly Cloudy,41.01,2010-02-06 12:00:00,3.162,4.48
green,0.002,0.6,Possible Drizzle,40.72,2010-02-06 13:00:00,2.0,6.01
green,0.0,0.0,Foggy,41.67,2010-02-06 14:00:00,1.017,6.7
green,0.0,0.0,Overcast,40.95,2010-02-06 15:00:00,3.162,7.07
green,0.0,0.0,Foggy,39.98,2010-02-06 16:00:00,0.903,8.4
green,0.0,0.0,Overcast,39.31,2010-02-06 17:00:00,4.01,6.75
green,0.0,0.0,Overcast,39.22,2010-02-06 18:00:00,5.591,7.32
green,0.0,0.0,Overcast,39.11,2010-02-06 19:00:00,2.741,7.05
green,0.0,0.0,Overcast,39.14,2010-02-06 20:00:00,2.488,5.92
green,0.0,0.0,Overcast,39.39,2010-02-06 21:00:00,6.216,4.33
green,0.0,0.0,Overcast,39.23,2010-02-06 22:00:00,6.216,6.87
green,0.0,0.0,Overcast,39.12,2010-02-06 23:00:00,6.216,6.55
green,0.0,0.0,Overcast,39.08,2010-02-07 00:00:00,6.216,4.2
green,0.0,0.0,Overcast,38.95,2010-02-07 01:00:00,5.591,0.51
green,0.0,0.0,Overcast,38.59,2010-02-07 02:00:00,6.216,1.07
green,0.0,0.0,Overcast,38.49,2010-02-07 03:00:00,4.974,2.06
green,0.0,0.0,Overcast,38.57,2010-02-07 04:00:00,3.73,3.8
green,0.0,0.0,Overcast,38.71,2010-02-07 05:00:00,3.73,4.13
green,0.0,0.0,Overcast,38.75,2010-02-07 06:00:00,3.73,4.75
green,0.0,0.0,Overcast,38.42,2010-02-07 07:00:00,3.73,4.99
green,0.0,0.0,Foggy,37.86,2010-02-07 08:00:00,1.684,4.75
green,0.0,0.0,Foggy,38.17,2010-02-07 09:00:00,1.862,4.62
green,0.0,0.0,Foggy,38.99,2010-02-07 10:00:00,1.555,4.05
green,0.0,0.0,Overcast,39.42,2010-02-07 11:00:00,2.718,4.07
green,0.0,0.0,Overcast,40.46,2010-02-07 12:00:00,3.098,4.12
green,0.0,0.0,Overcast,40.44,2010-02-07 13:00:00,3.255,4.9
green,0.0,0.0,Overcast,39.98,2010-02-07 14:00:00,5.982,5.05
green,0.0,0.0,Mostly Cloudy,38.22,2010-02-07 15:00:00,2.993,5.97
green,0.0,0.0,Mostly Cloudy,38.39,2010-02-07 16:00:00,4.036,5.16
green,0.0,0.0,Overcast,37.92,2010-02-07 17:00:00,6.216,3.79
green,0.0,0.0,Overcast,37.72,2010-02-07 18:00:00,6.216,4.33
green,0.0,0.0,Overcast,37.69,2010-02-07 19:00:00,3.61,4.91
green,0.0,0.0,Overcast,37.17,2010-02-07 20:00:00,6.216,5.03
green,0.0,0.0,Overcast,37.16,2010-02-07 21:00:00,5.982,5.53
green,0.0,0.0,Overcast,37.04,2010-02-07 22:00:00,5.591,5.26
green,0.0,0.0,Overcast,36.94,2010-02-07 23:00:00,5.591,5.36
green,0.0,0.0,Overcast,36.19,2010-02-08 00:00:00,5.591,3.87
green,0.0,0.0,Overcast,35.96,2010-02-08 01:00:00,3.73,3.7
green,0.0,0.0,Overcast,35.96,2010-02-08 02:00:00,3.73,4.75
green,0.0,0.0,Overcast,35.95,2010-02-08 03:00:00,3.73,5.95
green,0.0,0.0,Overcast,35.98,2010-02-08 04:00:00,5.591,6.53
green,0.0,0.0,Overcast,35.73,2010-02-08 05:00:00,6.216,6.67
green,0.005,0.38,Possible Light Sleet,35.03,2010-02-08 06:00:00,5.591,5.84
green,0.004,0.42,Possible Flurries,34.95,2010-02-08 07:00:00,6.216,7.37
green,0.002,0.09,Mostly Cloudy,34.37,2010-02-08 08:00:00,4.763,8.56
green,0.0,0.0,Overcast,34.44,2010-02-08 09:00:00,4.453,8.75
green,0.0,0.0,Mostly Cloudy,34.79,2010-02-08 10:00:00,4.908,9.83
green,0.0,0.0,Mostly Cloudy,34.2,2010-02-08 11:00:00,4.059,8.59
yellow,0.0,0.0,Foggy,28.8,2010-02-18 07:00:00,0.149,2.06
yellow,0.0,0.0,Foggy,29.69,2010-02-18 08:00:00,0.152,2.51
green,0.0,0.0,Foggy,31.21,2010-02-18 09:00:00,0.519,3.78
green,0.0,0.0,Foggy,32.36,2010-02-18 10:00:00,0.971,5.49
green,0.0,0.0,Foggy,33.45,2010-02-18 11:00:00,1.331,4.49
green,0.0,0.0,Foggy,34.98,2010-02-18 12:00:00,1.74,4.28
green,0.004,0.49,Possible Drizzle,35.92,2010-02-18 13:00:00,1.74,5.0
green,0.016,1.0,Light Rain,36.53,2010-02-18 14:00:00,1.395,5.6
green,0.016,0.69,Light Rain,36.33,2010-02-18 15:00:00,0.994,6.0
green,0.062,1.0,Light Rain,35.87,2010-02-18 16:00:00,2.528,5.4
green,0.029,0.96,Light Rain,36.49,2010-02-18 17:00:00,2.56,4.81
green,0.023,0.65,Light Rain,37.22,2010-02-18 18:00:00,3.108,3.71
green,0.0,0.0,Mostly Cloudy,37.07,2010-02-18 19:00:00,3.493,3.52
green,0.001,0.07,Overcast,36.64,2010-02-18 20:00:00,2.876,2.9
green,0.005,0.54,Possible Drizzle,36.68,2010-02-18 21:00:00,2.488,1.01
green,0.053,0.55,Possible Light Rain,35.82,2010-02-18 22:00:00,6.216,1.69
green,0.032,0.89,Light Rain,35.85,2010-02-18 23:00:00,6.216,0.36
green,0.016,0.71,Light Rain,35.49,2010-02-19 00:00:00,3.73,0.69
green,0.009,0.71,Drizzle,35.22,2010-02-19 01:00:00,3.73,2.8
green,0.007,0.57,Possible Drizzle,34.06,2010-02-19 02:00:00,3.73,3.96
green,0.001,0.12,Mostly Cloudy,33.87,2010-02-19 03:00:00,3.108,3.7
green,0.001,0.13,Overcast,34.18,2010-02-19 04:00:00,6.216,6.02
green,0.011,1.0,Flurries,33.55,2010-02-19 05:00:00,4.974,5.71
green,0.006,0.57,Possible Flurries,33.19,2010-02-19 06:00:00,4.346,7.22
green,0.001,0.32,Possible Flurries,33.32,2010-02-19 07:00:00,2.24,8.9
green,0.003,0.3,Possible Flurries,33.46,2010-02-19 08:00:00,2.97,7.7
green,0.001,0.12,Mostly Cloudy,33.87,2010-02-19 09:00:00,3.391,7.32
green,0.007,0.4,Possible Drizzle,34.96,2010-02-19 10:00:00,4.974,9.1
green,0.019,0.68,Light Rain,36.29,2010-02-19 11:00:00,5.502,8.67
green,0.028,1.0,Light Rain,37.78,2010-02-19 12:00:00,5.92,7.79
green,0.013,0.53,Possible Drizzle,39.31,2010-02-19 13:00:00,6.216,9.65
green,0.004,0.06,Partly Cloudy,39.38,2010-02-19 14:00:00,6.216,9.87
green,0.004,0.07,Partly Cloudy,39.38,2010-02-19 15:00:00,6.216,10.64
green,0.001,0.06,Partly Cloudy,39.03,2010-02-19 16:00:00,6.216,9.7
green,0.0,0.0,Partly Cloudy,37.99,2010-02-19 17:00:00,6.216,6.44
green,0.0,0.0,Partly Cloudy,36.27,2010-02-19 18:00:00,6.216,5.11
green,0.0,0.0,Mostly Cloudy,35.04,2010-02-19 19:00:00,6.216,4.41
green,0.0,0.0,Partly Cloudy,33.9,2010-02-19 20:00:00,6.216,3.42
green,0.0,0.0,Partly Cloudy,33.68,2010-02-19 21:00:00,6.216,2.56
green,0.0,0.0,Partly Cloudy,32.58,2010-02-19 22:00:00,6.216,2.7
green,0.0,0.0,Clear,31.91,2010-02-19 23:00:00,6.216,2.77
green,0.0,0.0,Clear,31.47,2010-02-20 00:00:00,6.216,3.66
green,0.0,0.0,Partly Cloudy,31.15,2010-02-20 01:00:00,6.216,3.24
green,0.0,0.0,Clear,29.49,2010-02-20 02:00:00,6.216,2.51
green,0.0,0.0,Clear,29.1,2010-02-20 03:00:00,4.974,2.68
green,0.0,0.0,Clear,28.6,2010-02-20 04:00:00,5.591,1.85
green,0.0,0.0,Clear,28.37,2010-02-20 05:00:00,5.591,1.83
green,0.0,0.0,Clear,27.66,2010-02-20 06:00:00,5.591,1.52
green,0.0,0.0,Clear,27.12,2010-02-20 07:00:00,5.591,2.39
yellow,0.0,0.0,Overcast,34.39,2010-03-01 21:00:00,6.216,0.0
yellow,0.0,0.0,Clear,33.34,2010-03-01 22:00:00,6.216,0.0
yellow,0.0,0.0,Partly Cloudy,32.06,2010-03-01 23:00:00,6.216,0.39
yellow,0.0,0.0,Mostly Cloudy,32.5,2010-03-02 00:00:00,6.216,0.6
yellow,0.0,0.0,Mostly Cloudy,32.94,2010-03-02 01:00:00,6.216,0.96
yellow,0.0,0.0,Mostly Cloudy,32.91,2010-03-02 02:00:00,6.216,0.15
yellow,0.0,0.0,Partly Cloudy,32.44,2010-03-02 03:00:00,6.216,0.41
yellow,0.0,0.0,Clear,31.09,2010-03-02 04:00:00,6.216,1.06
yellow,0.0,0.0,Clear,30.79,2010-03-02 05:00:00,6.216,0.91
yellow,0.0,0.0,Clear,29.93,2010-03-02 06:00:00,6.216,0.39
yellow,0.0,0.0,Clear,29.73,2010-03-02 07:00:00,6.216,0.32
yellow,0.0,0.0,Clear,31.53,2010-03-02 08:00:00,6.216,1.09
yellow,0.0,0.0,Clear,35.59,2010-03-02 09:00:00,6.216,3.14
yellow,0.0,0.0,Clear,39.01,2010-03-02 10:00:00,6.216,2.8
yellow,0.0,0.0,Clear,41.95,2010-03-02 11:00:00,6.216,5.12
yellow,0.0,0.0,Partly Cloudy,45.07,2010-03-02 12:00:00,6.216,4.48
yellow,0.0,0.0,Partly Cloudy,45.84,2010-03-02 13:00:00,6.216,5.19
yellow,0.0,0.0,Partly Cloudy,46.04,2010-03-02 14:00:00,6.216,6.37
yellow,0.0,0.0,Partly Cloudy,45.61,2010-03-02 15:00:00,6.216,6.55
yellow,0.0,0.0,Partly Cloudy,45.0,2010-03-02 16:00:00,6.216,7.69
yellow,0.0,0.0,Partly Cloudy,42.88,2010-03-02 17:00:00,6.216,5.2
yellow,0.0,0.0,Clear,39.71,2010-03-02 18:00:00,6.216,3.08
yellow,0.0,0.0,Clear,36.7,2010-03-02 19:00:00,6.216,3.34
yellow,0.0,0.0,Clear,34.43,2010-03-02 20:00:00,6.216,2.99
yellow,0.0,0.0,Clear,33.41,2010-03-02 21:00:00,6.216,1.59
yellow,0.0,0.0,Clear,32.82,2010-03-02 22:00:00,6.216,1.39
yellow,0.0,0.0,Clear,31.76,2010-03-02 23:00:00,6.216,3.21
yellow,0.0,0.0,Clear,31.64,2010-03-03 00:00:00,6.216,2.04
yellow,0.0,0.0,Clear,31.52,2010-03-03 01:00:00,6.216,0.55
yellow,0.0,0.0,Partly Cloudy,30.65,2010-03-03 02:00:00,6.216,1.41
yellow,0.0,0.0,Clear,30.42,2010-03-03 03:00:00,6.216,2.36
yellow,0.0,0.0,Partly Cloudy,31.16,2010-03-03 04:00:00,6.216,2.48
yellow,0.0,0.0,Clear,31.12,2010-03-03 05:00:00,6.216,1.03
yellow,0.0,0.0,Clear,31.47,2010-03-03 06:00:00,6.216,2.2
yellow,0.0,0.0,Clear,31.7,2010-03-03 07:00:00,6.216,3.37
yellow,0.0,0.0,Clear,32.35,2010-03-03 08:00:00,6.216,3.0
yellow,0.0,0.0,Partly Cloudy,34.47,2010-03-03 09:00:00,6.216,3.35
green,0.0,0.0,Mostly Cloudy,36.68,2010-03-03 10:00:00,6.216,4.55
green,0.0,0.0,Partly Cloudy,38.76,2010-03-03 11:00:00,6.216,4.78
green,0.0,0.0,Partly Cloudy,40.18,2010-03-03 12:00:00,6.216,6.72
green,0.0,0.0,Mostly Cloudy,41.57,2010-03-03 13:00:00,6.216,8.37
green,0.0,0.0,Partly Cloudy,42.21,2010-03-03 14:00:00,6.216,8.12
green,0.0,0.0,Partly Cloudy,41.69,2010-03-03 15:00:00,6.216,9.12
green,0.0,0.0,Partly Cloudy,40.77,2010-03-03 16:00:00,6.216,8.89
green,0.0,0.0,Partly Cloudy,39.4,2010-03-03 17:00:00,6.216,7.29
green,0.0,0.0,Partly Cloudy,36.46,2010-03-03 19:00:00,6.216,6.34
green,0.0,0.0,Clear,35.85,2010-03-03 20:00:00,6.216,4.88
green,0.0,0.0,Clear,35.22,2010-03-03 21:00:00,6.216,6.14
green,0.0,0.0,Clear,34.62,2010-03-03 22:00:00,6.216,6.69
green,0.0,0.0,Clear,35.09,2010-03-03 23:00:00,6.216,7.59
green,0.0,0.0,Clear,34.64,2010-03-04 00:00:00,6.216,6.81
green,0.0,0.0,Clear,34.14,2010-03-04 01:00:00,6.216,6.29
green,0.0,0.0,Clear,34.09,2010-03-04 02:00:00,6.216,5.25
green,0.0,0.0,Partly Cloudy,33.51,2010-03-04 03:00:00,6.216,4.57
green,0.0,0.0,Clear,32.46,2010-03-04 04:00:00,6.216,5.62
green,0.0,0.0,Clear,32.13,2010-03-04 05:00:00,6.216,5.77
green,0.0,0.0,Clear,31.81,2010-03-04 06:00:00,6.216,4.28
green,0.0,0.0,Clear,31.29,2010-03-04 07:00:00,6.216,4.56
green,0.0,0.0,Clear,32.54,2010-03-04 08:00:00,6.216,5.63
green,0.0,0.0,Clear,35.43,2010-03-04 09:00:00,6.216,3.81
green,0.0,0.0,Partly Cloudy,39.33,2010-03-04 10:00:00,6.216,7.03
green,0.0,0.0,Mostly Cloudy,41.4,2010-03-04 11:00:00,6.216,8.91
green,0.0,0.0,Mostly Cloudy,43.08,2010-03-04 12:00:00,6.216,10.3
green,0.0,0.0,Partly Cloudy,43.52,2010-03-04 13:00:00,6.216,11.23
green,0.0,0.0,Partly Cloudy,44.33,2010-03-04 14:00:00,6.216,9.92
green,0.0,0.0,Partly Cloudy,43.82,2010-03-04 15:00:00,6.216,9.28
green,0.0,0.0,Partly Cloudy,43.31,2010-03-04 16:00:00,6.216,8.85
green,0.0,0.0,Clear,41.92,2010-03-04 17:00:00,6.216,7.47
green,0.0,0.0,Clear,37.59,2010-03-04 18:00:00,6.216,5.65
green,0.0,0.0,Clear,34.89,2010-03-04 19:00:00,6.216,4.5
green,0.0,0.0,Clear,32.97,2010-03-04 20:00:00,6.216,2.92
green,0.0,0.0,Clear,31.64,2010-03-04 21:00:00,6.216,0.7
green,0.0,0.0,Clear,29.07,2010-03-04 22:00:00,6.216,0.09
green,0.0,0.0,Clear,27.74,2010-03-04 23:00:00,6.216,0.15
green,0.0,0.0,Clear,26.65,2010-03-05 00:00:00,6.216,1.1
green,0.0,0.0,Clear,26.42,2010-03-05 01:00:00,6.216,0.18
green,0.0,0.0,Mostly Cloudy,26.13,2010-03-05 02:00:00,6.216,0.21
green,0.0,0.0,Overcast,26.31,2010-03-05 03:00:00,6.216,1.22
green,0.0,0.0,Mostly Cloudy,27.48,2010-03-05 04:00:00,6.216,2.93
green,0.0,0.0,Partly Cloudy,27.66,2010-03-05 05:00:00,6.216,1.66
green,0.0,0.0,Clear,27.19,2010-03-05 06:00:00,6.216,4.22
green,0.0,0.0,Partly Cloudy,27.03,2010-03-05 07:00:00,6.216,4.06
green,0.0,0.0,Clear,29.07,2010-03-05 08:00:00,5.778,4.59
green,0.0,0.0,Clear,36.25,2010-04-20 06:00:00,5.591,3.27
green,0.0,0.0,Clear,37.02,2010-04-20 07:00:00,6.216,4.37
green,0.0,0.0,Clear,41.28,2010-04-20 08:00:00,6.216,9.23
green,0.0,0.0,Clear,46.43,2010-04-20 09:00:00,6.216,12.33
green,0.0,0.0,Clear,49.24,2010-04-20 10:00:00,6.216,14.15
green,0.0,0.0,Clear,52.06,2010-04-20 11:00:00,6.216,12.51
green,0.0,0.0,Partly Cloudy,52.58,2010-04-20 12:00:00,6.216,12.98
green,0.0,0.0,Partly Cloudy,54.62,2010-04-20 13:00:00,6.216,11.88
green,0.0,0.0,Partly Cloudy,55.03,2010-04-20 14:00:00,6.216,10.51
green,0.0,0.0,Partly Cloudy,55.89,2010-04-20 15:00:00,6.216,9.43
green,0.0,0.0,Partly Cloudy,55.62,2010-04-20 16:00:00,6.216,11.37
green,0.0,0.0,Partly Cloudy,54.18,2010-04-20 17:00:00,6.216,11.73
green,0.0,0.0,Clear,53.77,2010-04-20 18:00:00,6.216,11.32
green,0.0,0.0,Clear,51.87,2010-04-20 19:00:00,6.216,8.37
green,0.0,0.0,Clear,48.6,2010-04-20 20:00:00,6.216,5.67
green,0.0,0.0,Clear,45.85,2010-04-20 21:00:00,6.216,4.62
green,0.0,0.0,Clear,43.8,2010-04-20 22:00:00,6.216,3.85
green,0.0,0.0,Clear,42.16,2010-04-20 23:00:00,6.216,4.17
green,0.0,0.0,Clear,39.78,2010-04-21 00:00:00,6.216,3.63
green,0.0,0.0,Partly Cloudy,38.08,2010-04-21 01:00:00,6.216,0.28
green,0.0,0.0,Mostly Cloudy,36.95,2010-04-21 02:00:00,6.216,1.71
green,0.0,0.0,Clear,35.71,2010-04-21 03:00:00,6.216,1.24
green,0.0,0.0,Mostly Cloudy,34.61,2010-04-21 04:00:00,6.216,0.94
green,0.0,0.0,Mostly Cloudy,33.88,2010-04-21 05:00:00,6.216,1.42
green,0.0,0.0,Overcast,33.26,2010-04-21 06:00:00,6.216,1.73
green,0.0,0.0,Mostly Cloudy,34.09,2010-04-21 07:00:00,6.216,4.13
green,0.0,0.0,Partly Cloudy,38.07,2010-04-21 08:00:00,6.216,5.06
green,0.0,0.0,Partly Cloudy,42.47,2010-04-21 09:00:00,6.216,6.82
green,0.0,0.0,Partly Cloudy,45.82,2010-04-21 10:00:00,6.216,5.26
green,0.0,0.0,Partly Cloudy,48.09,2010-04-21 11:00:00,6.216,6.56
green,0.0,0.0,Mostly Cloudy,48.86,2010-04-21 12:00:00,6.216,7.83
green,0.0,0.0,Partly Cloudy,50.53,2010-04-21 13:00:00,6.216,7.07
green,0.0,0.0,Partly Cloudy,50.97,2010-04-21 14:00:00,6.216,6.06
green,0.0,0.0,Partly Cloudy,50.87,2010-04-21 15:00:00,6.216,7.37
green,0.0,0.0,Partly Cloudy,52.05,2010-04-21 16:00:00,6.216,7.21
green,0.0,0.0,Clear,51.76,2010-04-21 17:00:00,6.216,5.79
green,0.0,0.0,Clear,51.22,2010-04-21 18:00:00,6.216,6.16
green,0.0,0.0,Partly Cloudy,49.8,2010-04-21 19:00:00,6.216,4.56
green,0.0,0.0,Clear,46.91,2010-04-21 20:00:00,6.216,4.31
green,0.0,0.0,Clear,43.06,2010-04-21 21:00:00,6.216,3.27
green,0.0,0.0,Clear,40.59,2010-04-21 22:00:00,6.216,2.49
green,0.0,0.0,Clear,39.16,2010-04-21 23:00:00,6.216,2.22
green,0.0,0.0,Clear,37.56,2010-04-22 00:00:00,6.216,0.12
green,0.0,0.0,Clear,36.61,2010-04-22 01:00:00,6.216,0.06
green,0.0,0.0,Clear,35.32,2010-04-22 02:00:00,6.216,0.33
green,0.0,0.0,Clear,34.11,2010-04-22 03:00:00,6.216,0.03
green,0.0,0.0,Clear,33.17,2010-04-22 04:00:00,6.216,0.67
green,0.0,0.0,Clear,49.17,2010-10-25 17:00:00,6.216,4.17
yellow,0.037,1.0,Light Rain,43.13,2010-11-08 09:00:00,5.898,14.87
yellow,0.01,0.43,Possible Drizzle,43.19,2010-11-08 10:00:00,5.91,16.26
yellow,0.01,0.4,Possible Drizzle,43.0,2010-11-08 11:00:00,5.929,17.99
yellow,0.021,0.48,Possible Light Rain,41.8,2010-11-08 12:00:00,5.587,17.22
yellow,0.014,0.16,Overcast,41.23,2010-11-08 13:00:00,6.216,16.17
yellow,0.01,0.31,Possible Drizzle,41.47,2010-11-08 14:00:00,6.216,17.47
yellow,0.015,0.48,Possible Drizzle,41.34,2010-11-08 15:00:00,6.216,13.29
yellow,0.021,0.54,Possible Light Rain,41.2,2010-11-08 16:00:00,6.216,14.08
yellow,0.036,0.84,Light Rain,40.76,2010-11-08 17:00:00,6.216,14.32
yellow,0.011,0.37,Possible Drizzle,40.89,2010-11-08 18:00:00,6.216,13.36
yellow,0.001,0.12,Overcast,41.7,2010-11-08 19:00:00,6.216,10.97
yellow,0.0,0.0,Mostly Cloudy,42.48,2010-11-08 20:00:00,6.216,9.66
yellow,0.0,0.0,Overcast,41.83,2010-11-08 21:00:00,6.216,7.43
yellow,0.0,0.0,Overcast,41.62,2010-11-08 22:00:00,6.216,5.35
yellow,0.0,0.0,Overcast,41.55,2010-11-08 23:00:00,6.216,6.52
yellow,0.0,0.0,Overcast,42.09,2010-11-09 00:00:00,6.216,6.41
yellow,0.0,0.0,Mostly Cloudy,42.01,2010-11-09 01:00:00,6.216,8.66
yellow,0.0,0.0,Overcast,42.69,2010-11-09 02:00:00,6.216,8.98
yellow,0.0,0.0,Overcast,42.87,2010-11-09 03:00:00,6.216,9.2
yellow,0.0,0.0,Mostly Cloudy,42.66,2010-11-09 04:00:00,6.216,7.4
yellow,0.0,0.0,Mostly Cloudy,42.65,2010-11-09 05:00:00,6.216,9.09
yellow,0.0,0.0,Mostly Cloudy,42.63,2010-11-09 06:00:00,6.216,8.26
green,0.001,0.34,Possible Drizzle,43.58,2010-11-09 07:00:00,5.778,10.18
green,0.006,0.34,Possible Drizzle,43.22,2010-11-09 08:00:00,5.778,12.94
green,0.002,0.34,Possible Drizzle,44.55,2010-11-09 09:00:00,6.216,13.6
green,0.0,0.0,Mostly Cloudy,45.01,2010-11-09 10:00:00,6.216,14.33
green,0.0,0.0,Mostly Cloudy,45.76,2010-11-09 11:00:00,6.216,13.39
green,0.0,0.0,Mostly Cloudy,46.18,2010-11-09 12:00:00,6.216,15.76
green,0.0,0.0,Mostly Cloudy,46.6,2010-11-09 13:00:00,6.216,15.12
green,0.0,0.0,Mostly Cloudy,45.71,2010-11-09 14:00:00,6.216,14.39
green,0.0,0.0,Mostly Cloudy,45.24,2010-11-09 15:00:00,6.216,13.37
green,0.0,0.0,Mostly Cloudy,44.69,2010-11-09 16:00:00,6.216,11.43
green,0.0,0.0,Mostly Cloudy,43.31,2010-11-09 17:00:00,6.216,12.95
green,0.0,0.0,Mostly Cloudy,42.89,2010-11-09 18:00:00,6.216,11.17
green,0.0,0.0,Mostly Cloudy,42.8,2010-11-09 19:00:00,6.216,10.99
green,0.002,0.07,Partly Cloudy,42.19,2010-11-09 20:00:00,6.216,6.92
green,0.0,0.0,Mostly Cloudy,41.87,2010-11-09 21:00:00,6.216,5.1
green,0.0,0.0,Partly Cloudy,40.74,2010-11-09 22:00:00,6.216,7.19
green,0.0,0.0,Partly Cloudy,40.52,2010-11-09 23:00:00,6.216,5.57
green,0.0,0.0,Clear,39.66,2010-11-10 00:00:00,6.216,5.58
green,0.0,0.0,Partly Cloudy,39.59,2010-11-10 01:00:00,6.216,4.73
green,0.0,0.0,Partly Cloudy,39.07,2010-11-10 02:00:00,6.216,6.54
green,0.002,0.33,Possible Drizzle,39.57,2010-11-10 03:00:00,6.216,6.92
green,0.005,0.64,Possible Drizzle,38.43,2010-11-10 04:00:00,6.216,7.52
green,0.0,0.0,Overcast,37.15,2010-11-10 05:00:00,6.216,4.47
green,0.0,0.0,Partly Cloudy,36.32,2010-11-10 06:00:00,6.216,4.96
green,0.0,0.0,Clear,36.13,2010-11-10 07:00:00,6.216,5.92
green,0.0,0.0,Mostly Cloudy,37.27,2010-11-10 08:00:00,6.216,8.23
green,0.0,0.0,Mostly Cloudy,38.26,2010-11-10 09:00:00,6.216,9.26
green,0.0,0.0,Mostly Cloudy,39.72,2010-11-10 10:00:00,6.216,9.84
green,0.0,0.0,Mostly Cloudy,40.86,2010-11-10 11:00:00,6.216,8.94
green,0.0,0.0,Partly Cloudy,43.37,2010-11-10 12:00:00,6.216,8.47
green,0.0,0.0,Partly Cloudy,44.08,2010-11-10 13:00:00,6.216,10.5
green,0.0,0.0,Partly Cloudy,44.76,2010-11-10 14:00:00,6.216,10.06
green,0.0,0.0,Clear,44.51,2010-11-10 15:00:00,6.216,8.04
green,0.0,0.0,Partly Cloudy,42.9,2010-11-10 16:00:00,6.216,6.58
green,0.0,0.0,Overcast,40.54,2010-11-10 17:00:00,6.216,4.48
green,0.0,0.0,Clear,37.64,2010-11-10 18:00:00,6.216,4.6
green,0.0,0.0,Clear,34.1,2010-11-10 20:00:00,6.216,3.53
green,0.0,0.0,Clear,33.22,2010-11-10 21:00:00,6.216,2.56
green,0.0,0.0,Clear,32.84,2010-11-10 22:00:00,6.216,2.81
yellow,0.0,0.0,Clear,32.63,2010-11-10 23:00:00,6.216,3.21
yellow,0.0,0.0,Clear,33.37,2010-11-11 00:00:00,6.216,4.78
yellow,0.0,0.0,Clear,33.67,2010-11-11 01:00:00,6.216,4.35
yellow,0.0,0.0,Partly Cloudy,35.21,2010-11-11 02:00:00,6.216,5.09
yellow,0.0,0.0,Mostly Cloudy,35.66,2010-11-11 03:00:00,6.216,4.69
yellow,0.0,0.0,Partly Cloudy,37.53,2010-11-11 04:00:00,6.216,6.21
yellow,0.0,0.0,Mostly Cloudy,39.68,2010-11-11 05:00:00,6.216,8.84
yellow,0.005,0.41,Possible Drizzle,42.75,2010-11-11 06:00:00,6.216,9.76
yellow,0.027,1.0,Light Rain,44.17,2010-11-11 07:00:00,6.216,12.47
yellow,0.051,1.0,Light Rain,46.04,2010-11-11 08:00:00,6.216,14.29
yellow,0.037,1.0,Light Rain,47.7,2010-11-11 09:00:00,5.676,17.8
yellow,0.019,0.91,Light Rain,49.32,2010-11-11 10:00:00,5.721,18.71
yellow,0.01,0.93,Drizzle,51.42,2010-11-11 11:00:00,5.534,16.62
yellow,0.003,0.32,Possible Drizzle,53.77,2010-11-11 12:00:00,5.91,17.37
yellow,0.004,0.32,Possible Drizzle,56.16,2010-11-11 13:00:00,6.216,14.19
yellow,0.013,0.41,Possible Drizzle,56.08,2010-11-11 14:00:00,6.216,20.23
yellow,0.014,0.57,Possible Drizzle,53.47,2010-11-11 15:00:00,6.216,15.49
yellow,0.003,0.17,Mostly Cloudy,51.24,2010-11-11 16:00:00,6.216,15.34
yellow,0.0,0.0,Clear,50.1,2010-11-11 17:00:00,6.216,10.81
yellow,0.0,0.0,Clear,48.98,2010-11-11 18:00:00,6.216,12.16
yellow,0.0,0.0,Clear,48.99,2010-11-11 19:00:00,6.216,13.85
yellow,0.002,0.32,Possible Drizzle,49.33,2010-11-11 20:00:00,6.216,16.2
yellow,0.0,0.0,Clear,49.64,2010-11-11 21:00:00,6.216,15.96
yellow,0.002,0.05,Mostly Cloudy,49.65,2010-11-11 22:00:00,6.216,14.2
yellow,0.0,0.0,Clear,49.88,2010-11-11 23:00:00,6.216,14.79
yellow,0.0,0.0,Mostly Cloudy,50.29,2010-11-12 00:00:00,6.216,15.74
yellow,0.0,0.0,Partly Cloudy,50.71,2010-11-12 01:00:00,6.216,15.85
yellow,0.0,0.0,Clear,50.67,2010-11-12 02:00:00,6.216,18.17
yellow,0.0,0.0,Partly Cloudy,50.37,2010-11-12 03:00:00,6.216,16.54
yellow,0.0,0.0,Clear,50.13,2010-11-12 04:00:00,6.216,15.68
yellow,0.0,0.0,Clear,49.77,2010-11-12 05:00:00,6.216,15.7
yellow,0.0,0.0,Clear,49.72,2010-11-12 06:00:00,6.216,14.78
yellow,0.0,0.0,Clear,48.88,2010-11-12 07:00:00,6.216,12.34
yellow,0.0,0.0,Clear,48.96,2010-11-12 08:00:00,6.216,14.37
yellow,0.0,0.0,Clear,49.91,2010-11-12 09:00:00,6.216,16.55
yellow,0.0,0.0,Clear,51.94,2010-11-12 10:00:00,6.216,16.22
yellow,0.0,0.0,Partly Cloudy,53.6,2010-11-12 11:00:00,6.216,20.33
yellow,0.0,0.0,Partly Cloudy,53.68,2010-11-12 12:00:00,6.216,19.71
yellow,0.0,0.0,Mostly Cloudy,53.22,2010-11-12 13:00:00,6.216,16.98
yellow,0.0,0.0,Partly Cloudy,52.72,2010-11-12 14:00:00,6.216,13.6
yellow,0.0,0.0,Partly Cloudy,51.79,2010-11-12 15:00:00,6.216,13.74
yellow,0.0,0.0,Mostly Cloudy,50.79,2010-11-12 16:00:00,6.216,11.12
yellow,0.002,0.11,Partly Cloudy,49.67,2010-11-12 17:00:00,6.216,9.15
yellow,0.003,0.15,Mostly Cloudy,49.12,2010-11-12 18:00:00,6.216,8.23
yellow,0.0,0.0,Mostly Cloudy,48.63,2010-11-12 19:00:00,6.216,6.45
yellow,0.0,0.0,Mostly Cloudy,47.18,2010-11-12 20:00:00,6.216,6.51
yellow,0.0,0.0,Mostly Cloudy,47.92,2010-11-12 21:00:00,6.216,5.45
green,0.0,0.0,Mostly Cloudy,46.93,2010-11-12 22:00:00,6.216,4.5
green,0.0,0.0,Partly Cloudy,46.82,2010-11-12 23:00:00,6.216,6.25
green,0.0,0.0,Partly Cloudy,46.56,2010-11-13 00:00:00,6.216,6.13
green,0.0,0.0,Overcast,47.26,2010-11-13 01:00:00,6.216,7.21
green,0.0,0.0,Clear,47.23,2010-11-13 02:00:00,6.216,6.15
green,0.0,0.0,Clear,46.7,2010-11-13 03:00:00,6.216,5.57
green,0.0,0.0,Mostly Cloudy,47.58,2010-11-13 04:00:00,6.216,7.32
green,0.0,0.0,Mostly Cloudy,46.91,2010-11-13 05:00:00,6.216,7.63
green,0.0,0.0,Clear,46.5,2010-11-13 06:00:00,6.216,5.4
green,0.0,0.0,Clear,46.14,2010-11-13 07:00:00,6.216,5.6
green,0.0,0.0,Clear,46.3,2010-11-13 08:00:00,6.216,7.4
green,0.0,0.0,Clear,46.22,2010-11-13 09:00:00,6.216,9.94
green,0.0,0.0,Clear,46.77,2010-11-13 10:00:00,6.216,8.84
green,0.0,0.0,Clear,49.22,2010-11-13 11:00:00,6.216,9.52
green,0.0,0.0,Clear,48.76,2010-11-13 12:00:00,6.216,8.32
green,0.0,0.0,Clear,49.13,2010-11-13 13:00:00,6.216,7.77
green,0.0,0.0,Clear,48.82,2010-11-13 14:00:00,6.216,6.95
green,0.0,0.0,Clear,48.15,2010-11-13 15:00:00,6.216,5.85
green,0.0,0.0,Clear,46.64,2010-11-13 16:00:00,6.216,5.67
green,0.0,0.0,Clear,44.9,2010-11-13 17:00:00,6.216,4.37
green,0.0,0.0,Clear,44.14,2010-11-13 18:00:00,6.216,4.14
green,0.0,0.0,Clear,43.46,2010-11-13 19:00:00,6.216,4.27
green,0.0,0.0,Clear,41.71,2010-11-13 21:00:00,6.216,1.24
green,0.0,0.0,Clear,41.81,2010-11-13 22:00:00,6.216,1.92
green,0.0,0.0,Clear,41.04,2010-11-13 23:00:00,6.216,1.4
green,0.0,0.0,Clear,41.08,2010-11-14 00:00:00,6.216,0.67
green,0.0,0.0,Overcast,41.37,2010-11-14 01:00:00,6.216,0.95
green,0.0,0.0,Mostly Cloudy,41.68,2010-11-14 02:00:00,6.216,0.0
green,0.0,0.0,Overcast,41.98,2010-11-14 03:00:00,6.216,0.4
green,0.0,0.0,Overcast,42.36,2010-11-14 04:00:00,6.216,0.71
green,0.0,0.0,Mostly Cloudy,42.49,2010-11-14 05:00:00,6.216,0.07
green,0.0,0.0,Overcast,42.0,2010-11-14 06:00:00,6.216,0.07
green,0.0,0.0,Overcast,41.18,2010-11-14 07:00:00,4.974,0.24
green,0.0,0.0,Foggy,40.71,2010-11-14 08:00:00,1.023,1.44
green,0.0,0.0,Mostly Cloudy,42.2,2010-11-14 09:00:00,6.012,2.66
green,0.0,0.0,Mostly Cloudy,45.26,2010-11-14 10:00:00,6.216,2.37
green,0.0,0.0,Mostly Cloudy,45.41,2010-11-14 11:00:00,5.553,0.98
green,0.0,0.0,Mostly Cloudy,45.12,2010-11-14 12:00:00,6.216,0.95
green,0.0,0.0,Partly Cloudy,45.27,2010-11-14 13:00:00,5.977,1.62
green,0.0,0.0,Mostly Cloudy,45.49,2010-11-14 14:00:00,6.216,3.54
green,0.0,0.0,Mostly Cloudy,44.82,2010-11-14 15:00:00,6.216,4.91
green,0.0,0.0,Partly Cloudy,43.45,2010-11-14 16:00:00,6.216,3.06
green,0.0,0.0,Mostly Cloudy,42.48,2010-11-14 17:00:00,6.216,4.94
green,0.0,0.0,Overcast,42.02,2010-11-14 18:00:00,6.216,5.96
green,0.0,0.0,Mostly Cloudy,41.24,2010-11-14 19:00:00,6.216,5.18
green,0.0,0.0,Overcast,40.61,2010-11-14 20:00:00,6.216,5.56
yellow,0.0,0.0,Clear,27.85,2010-11-28 12:00:00,6.216,1.93
green,0.0,0.0,Overcast,29.17,2010-11-28 23:00:00,6.216,2.7
green,0.0,0.0,Partly Cloudy,29.47,2010-11-29 00:00:00,6.216,2.44
green,0.0,0.0,Mostly Cloudy,28.15,2010-11-29 01:00:00,6.216,1.92
green,0.0,0.0,Mostly Cloudy,27.64,2010-11-29 02:00:00,6.216,2.14
green,0.0,0.0,Partly Cloudy,27.3,2010-11-29 03:00:00,6.216,2.03
green,0.0,0.0,Overcast,27.7,2010-11-29 04:00:00,6.216,2.23
green,0.0,0.0,Mostly Cloudy,27.87,2010-11-29 05:00:00,6.216,3.36
green,0.0,0.0,Mostly Cloudy,28.14,2010-11-29 06:00:00,6.216,2.74
green,0.0,0.0,Mostly Cloudy,28.48,2010-11-29 07:00:00,6.216,3.96
green,0.0,0.0,Mostly Cloudy,28.77,2010-11-29 08:00:00,2.415,5.65
green,0.0,0.0,Mostly Cloudy,29.42,2010-11-29 09:00:00,3.582,5.19
green,0.0,0.0,Mostly Cloudy,30.54,2010-11-29 10:00:00,4.84,5.21
green,0.0,0.0,Mostly Cloudy,31.84,2010-11-29 11:00:00,4.856,5.94
green,0.0,0.0,Mostly Cloudy,32.04,2010-11-29 12:00:00,3.873,7.15
green,0.0,0.0,Mostly Cloudy,33.52,2010-11-29 13:00:00,5.345,6.32
green,0.0,0.0,Mostly Cloudy,34.57,2010-11-29 14:00:00,6.216,6.13
green,0.0,0.0,Mostly Cloudy,33.75,2010-11-29 15:00:00,5.721,7.09
green,0.0,0.0,Mostly Cloudy,32.58,2010-11-29 16:00:00,5.909,6.58
green,0.0,0.0,Overcast,32.45,2010-11-29 17:00:00,6.216,6.5
green,0.0,0.0,Overcast,32.08,2010-11-29 18:00:00,6.216,5.19
green,0.0,0.0,Overcast,31.78,2010-11-29 19:00:00,6.216,3.75
green,0.0,0.0,Overcast,31.51,2010-11-29 20:00:00,6.216,2.81
yellow,0.0,0.0,Overcast,31.61,2010-11-29 21:00:00,6.216,2.35
yellow,0.0,0.0,Overcast,32.1,2010-11-29 22:00:00,6.216,2.06
yellow,0.0,0.0,Foggy,32.37,2010-11-29 23:00:00,1.989,3.6
yellow,0.0,0.0,Overcast,32.87,2010-11-30 00:00:00,3.73,3.92
yellow,0.0,0.0,Overcast,33.1,2010-11-30 01:00:00,4.974,4.67
yellow,0.0,0.0,Overcast,33.1,2010-11-30 02:00:00,6.216,4.55
yellow,0.0,0.0,Mostly Cloudy,33.06,2010-11-30 03:00:00,6.216,3.93
yellow,0.0,0.0,Overcast,33.14,2010-11-30 04:00:00,6.216,5.28
yellow,0.0,0.0,Overcast,33.21,2010-11-30 05:00:00,6.216,6.85
yellow,0.0,0.0,Overcast,33.08,2010-11-30 06:00:00,6.216,8.51
green,0.0,0.0,Mostly Cloudy,33.06,2010-11-30 07:00:00,6.216,5.18
green,0.0,0.0,Partly Cloudy,31.98,2010-11-30 08:00:00,6.216,7.91
green,0.0,0.0,Partly Cloudy,32.33,2010-11-30 09:00:00,6.216,8.45
green,0.0,0.0,Partly Cloudy,32.86,2010-11-30 10:00:00,6.216,8.85
green,0.0,0.0,Partly Cloudy,33.71,2010-11-30 11:00:00,6.216,9.99
green,0.001,0.12,Mostly Cloudy,33.87,2010-11-30 12:00:00,6.216,8.08
green,0.008,0.54,Possible Flurries,33.93,2010-11-30 13:00:00,5.778,9.67
green,0.005,0.75,Flurries,34.14,2010-11-30 14:00:00,5.717,9.96
green,0.007,0.75,Flurries,33.58,2010-11-30 15:00:00,6.216,9.7
green,0.001,0.13,Mostly Cloudy,32.18,2010-11-30 16:00:00,6.216,9.18
green,0.0,0.0,Partly Cloudy,31.77,2010-11-30 17:00:00,6.216,8.3
green,0.0,0.0,Mostly Cloudy,30.36,2010-11-30 18:00:00,6.216,6.65
green,0.0,0.0,Mostly Cloudy,30.21,2010-11-30 19:00:00,6.216,8.49
green,0.0,0.0,Mostly Cloudy,30.12,2010-11-30 20:00:00,6.216,8.72
green,0.0,0.0,Partly Cloudy,29.55,2010-11-30 21:00:00,6.216,7.21
green,0.0,0.0,Overcast,29.4,2010-11-30 22:00:00,6.216,5.87
green,0.0,0.0,Mostly Cloudy,29.8,2010-11-30 23:00:00,6.216,6.62
green,0.0,0.0,Mostly Cloudy,29.52,2010-12-01 00:00:00,6.216,7.27
green,0.0,0.0,Partly Cloudy,29.18,2010-12-01 01:00:00,6.216,7.38
green,0.0,0.0,Mostly Cloudy,29.11,2010-12-01 02:00:00,6.216,6.85
green,0.0,0.0,Mostly Cloudy,28.85,2010-12-01 03:00:00,6.216,8.88
green,0.0,0.0,Mostly Cloudy,28.82,2010-12-01 04:00:00,6.216,7.57
green,0.0,0.0,Mostly Cloudy,29.06,2010-12-01 05:00:00,6.216,8.43
green,0.0,0.0,Mostly Cloudy,28.82,2010-12-01 06:00:00,6.216,7.98
red,0.0,0.0,Partly Cloudy,28.11,2010-12-01 07:00:00,6.216,8.58
red,0.0,0.0,Clear,28.53,2010-12-01 08:00:00,6.216,9.11
green,0.0,0.0,Mostly Cloudy,43.95,2011-01-22 15:00:00,6.216,11.89
green,0.0,0.0,Mostly Cloudy,43.13,2011-01-22 16:00:00,6.216,10.77
green,0.0,0.0,Mostly Cloudy,42.66,2011-01-22 17:00:00,6.216,11.3
green,0.0,0.0,Overcast,42.67,2011-01-22 18:00:00,6.216,12.94
green,0.0,0.0,Overcast,41.84,2011-01-22 19:00:00,6.216,7.46
green,0.0,0.0,Overcast,41.45,2011-01-22 20:00:00,6.216,7.26
green,0.0,0.0,Overcast,42.29,2011-01-22 21:00:00,6.216,9.36
green,0.0,0.0,Overcast,42.4,2011-01-22 22:00:00,6.216,8.04
green,0.0,0.0,Overcast,42.48,2011-01-22 23:00:00,6.216,5.4
green,0.0,0.0,Overcast,42.69,2011-01-23 00:00:00,6.216,5.89
green,0.0,0.0,Overcast,42.39,2011-01-23 01:00:00,6.216,5.96
green,0.0,0.0,Overcast,42.33,2011-01-23 02:00:00,6.216,6.19
green,0.0,0.0,Overcast,42.12,2011-01-23 03:00:00,6.216,5.29
green,0.0,0.0,Overcast,41.96,2011-01-23 04:00:00,6.216,5.65
green,0.0,0.0,Overcast,41.36,2011-01-23 05:00:00,6.216,5.87
green,0.0,0.0,Overcast,40.63,2011-01-23 06:00:00,6.216,4.92
green,0.0,0.0,Overcast,40.91,2011-01-23 07:00:00,6.216,6.88
green,0.0,0.0,Overcast,41.26,2011-01-23 08:00:00,5.345,6.55
green,0.0,0.0,Mostly Cloudy,41.27,2011-01-23 09:00:00,5.011,6.88
green,0.0,0.0,Overcast,41.85,2011-01-23 10:00:00,5.113,6.29
green,0.0,0.0,Overcast,42.65,2011-01-23 11:00:00,3.236,8.41
green,0.0,0.0,Overcast,43.24,2011-01-23 12:00:00,2.347,8.71
green,0.0,0.0,Overcast,44.46,2011-01-23 13:00:00,4.473,10.37
green,0.0,0.0,Overcast,44.48,2011-01-23 14:00:00,4.473,11.05
green,0.0,0.0,Overcast,44.69,2011-01-23 15:00:00,4.473,7.67
green,0.0,0.0,Overcast,44.48,2011-01-23 16:00:00,6.216,8.08
green,0.0,0.0,Overcast,44.27,2011-01-23 17:00:00,6.216,10.55
green,0.0,0.0,Overcast,44.09,2011-01-23 18:00:00,6.216,8.57
green,0.0,0.0,Overcast,43.65,2011-01-23 19:00:00,5.977,9.94
green,0.0,0.0,Overcast,43.27,2011-01-23 20:00:00,6.216,6.16
green,0.0,0.0,Overcast,42.81,2011-01-23 21:00:00,6.216,5.84
green,0.0,0.0,Overcast,43.15,2011-01-23 22:00:00,6.216,5.2
green,0.0,0.0,Overcast,42.76,2011-01-23 23:00:00,6.216,4.52
green,0.0,0.0,Overcast,42.72,2011-01-24 00:00:00,6.216,5.03
green,0.0,0.0,Overcast,42.5,2011-01-24 01:00:00,6.216,4.39
green,0.0,0.0,Overcast,42.51,2011-01-24 02:00:00,6.216,5.26
green,0.0,0.0,Overcast,42.4,2011-01-24 03:00:00,6.216,5.12
green,0.0,0.0,Overcast,42.2,2011-01-24 04:00:00,6.216,4.93
green,0.0,0.0,Overcast,42.27,2011-01-24 05:00:00,6.216,6.85
green,0.0,0.0,Overcast,42.16,2011-01-24 06:00:00,6.216,4.67
green,0.0,0.0,Mostly Cloudy,41.12,2011-01-24 07:00:00,6.216,5.52
green,0.0,0.0,Mostly Cloudy,40.94,2011-01-24 08:00:00,6.216,5.43
green,0.0,0.0,Mostly Cloudy,41.08,2011-01-24 09:00:00,6.216,5.2
green,0.0,0.0,Mostly Cloudy,41.54,2011-01-24 10:00:00,6.216,5.86
green,0.0,0.0,Mostly Cloudy,42.86,2011-01-24 11:00:00,6.216,7.11
green,0.0,0.0,Overcast,43.52,2011-01-24 12:00:00,6.216,8.53
green,0.0,0.0,Mostly Cloudy,43.81,2011-01-24 13:00:00,6.216,8.43
yellow,0.0,0.0,Overcast,48.21,2011-02-03 23:00:00,6.216,16.54
yellow,0.0,0.0,Overcast,49.38,2011-02-04 00:00:00,6.216,17.73
yellow,0.0,0.0,Overcast,49.52,2011-02-04 01:00:00,6.216,18.76
yellow,0.0,0.0,Overcast,50.27,2011-02-04 02:00:00,6.216,18.59
yellow,0.0,0.0,Overcast,50.37,2011-02-04 03:00:00,6.216,18.06
yellow,0.0,0.0,Mostly Cloudy,50.26,2011-02-04 04:00:00,6.216,16.61
yellow,0.0,0.0,Mostly Cloudy,50.37,2011-02-04 05:00:00,6.216,16.75
yellow,0.0,0.0,Overcast,51.12,2011-02-04 06:00:00,6.216,16.5
yellow,0.0,0.0,Overcast,51.53,2011-02-04 07:00:00,6.216,14.89
yellow,0.0,0.0,Mostly Cloudy,51.67,2011-02-04 08:00:00,6.216,21.12
yellow,0.0,0.0,Mostly Cloudy,52.0,2011-02-04 09:00:00,6.216,21.82
yellow,0.0,0.0,Mostly Cloudy,52.49,2011-02-04 10:00:00,6.216,23.67
yellow,0.0,0.0,Mostly Cloudy,53.37,2011-02-04 11:00:00,6.216,22.36
yellow,0.0,0.0,Mostly Cloudy,53.31,2011-02-04 12:00:00,6.216,22.89
yellow,0.0,0.0,Mostly Cloudy,53.38,2011-02-04 13:00:00,6.216,21.06
yellow,0.0,0.0,Overcast,53.45,2011-02-04 14:00:00,6.216,24.43
yellow,0.0,0.0,Mostly Cloudy,53.39,2011-02-04 15:00:00,6.216,22.43
yellow,0.0,0.0,Mostly Cloudy,53.22,2011-02-04 16:00:00,6.216,24.96
yellow,0.0,0.0,Mostly Cloudy,55.29,2011-02-05 13:00:00,6.216,19.31
yellow,0.0,0.0,Mostly Cloudy,56.12,2011-02-05 14:00:00,6.216,17.01
yellow,0.0,0.0,Mostly Cloudy,55.14,2011-02-05 15:00:00,6.216,17.91
yellow,0.0,0.0,Overcast,55.2,2011-02-05 16:00:00,6.216,18.47
yellow,0.0,0.0,Mostly Cloudy,54.46,2011-02-05 17:00:00,6.216,17.2
yellow,0.0,0.0,Mostly Cloudy,53.51,2011-02-05 18:00:00,6.216,17.49
yellow,0.0,0.0,Mostly Cloudy,53.43,2011-02-05 19:00:00,6.216,16.33
yellow,0.0,0.0,Overcast,53.42,2011-02-05 20:00:00,6.216,17.66
yellow,0.0,0.0,Overcast,52.99,2011-02-05 21:00:00,6.216,14.2
yellow,0.0,0.0,Overcast,53.19,2011-02-05 22:00:00,6.216,16.65
yellow,0.0,0.0,Overcast,53.06,2011-02-05 23:00:00,6.216,15.39
yellow,0.0,0.0,Overcast,53.24,2011-02-06 00:00:00,6.216,16.23
yellow,0.0,0.0,Overcast,53.14,2011-02-06 01:00:00,6.216,15.37
yellow,0.0,0.0,Overcast,53.04,2011-02-06 02:00:00,6.216,13.57
yellow,0.0,0.0,Overcast,52.96,2011-02-06 03:00:00,6.216,13.94
yellow,0.0,0.0,Overcast,52.86,2011-02-06 04:00:00,6.216,11.32
yellow,0.0,0.0,Overcast,51.74,2011-02-06 05:00:00,6.216,12.69
yellow,0.0,0.0,Overcast,52.04,2011-02-06 06:00:00,6.216,12.36
yellow,0.0,0.0,Overcast,51.65,2011-02-06 07:00:00,6.216,11.89
yellow,0.0,0.0,Mostly Cloudy,51.76,2011-02-06 08:00:00,6.216,15.52
yellow,0.0,0.0,Mostly Cloudy,52.27,2011-02-06 09:00:00,6.216,17.2
yellow,0.0,0.0,Mostly Cloudy,53.16,2011-02-06 10:00:00,6.216,17.98
yellow,0.0,0.0,Mostly Cloudy,53.85,2011-02-06 11:00:00,6.216,18.51
yellow,0.0,0.0,Mostly Cloudy,54.02,2011-02-06 12:00:00,6.216,19.69
yellow,0.0,0.0,Mostly Cloudy,54.7,2011-02-06 13:00:00,6.216,17.94
yellow,0.0,0.0,Overcast,54.76,2011-02-06 14:00:00,6.216,20.25
yellow,0.0,0.0,Mostly Cloudy,53.89,2011-02-06 15:00:00,6.216,18.27
yellow,0.0,0.0,Mostly Cloudy,53.45,2011-02-06 16:00:00,6.216,16.84
yellow,0.0,0.0,Mostly Cloudy,52.42,2011-02-06 17:00:00,6.216,14.71
yellow,0.0,0.0,Mostly Cloudy,51.49,2011-02-06 18:00:00,6.216,13.49
yellow,0.0,0.0,Overcast,51.12,2011-02-06 19:00:00,6.216,13.88
yellow,0.0,0.0,Overcast,50.35,2011-02-06 20:00:00,6.216,10.39
yellow,0.0,0.0,Overcast,50.38,2011-02-06 21:00:00,6.216,11.29
yellow,0.0,0.0,Mostly Cloudy,49.94,2011-02-06 22:00:00,6.216,9.28
yellow,0.0,0.0,Partly Cloudy,49.36,2011-02-06 23:00:00,6.216,9.96
yellow,0.0,0.0,Mostly Cloudy,49.52,2011-02-07 00:00:00,6.216,10.22
yellow,0.0,0.0,Mostly Cloudy,49.2,2011-02-07 01:00:00,6.216,11.52
yellow,0.0,0.0,Overcast,49.84,2011-02-07 02:00:00,6.216,11.69
yellow,0.0,0.0,Overcast,49.71,2011-02-07 03:00:00,6.216,12.72
yellow,0.0,0.0,Overcast,49.46,2011-02-07 04:00:00,6.216,12.51
yellow,0.0,0.0,Overcast,48.78,2011-02-07 05:00:00,6.216,12.78
yellow,0.0,0.0,Overcast,48.02,2011-02-07 06:00:00,6.216,13.64
yellow,0.0,0.0,Overcast,48.09,2011-02-07 07:00:00,6.216,19.1
yellow,0.0,0.0,Overcast,48.18,2011-02-07 08:00:00,6.216,17.75
yellow,0.0,0.0,Overcast,48.22,2011-02-07 09:00:00,6.216,19.61
yellow,0.0,0.0,Overcast,49.29,2011-02-07 10:00:00,6.216,20.34
yellow,0.0,0.0,Overcast,49.86,2011-02-07 11:00:00,6.216,18.59
green,0.0,0.0,Clear,45.72,2011-02-07 18:00:00,6.216,10.15
green,0.0,0.0,Partly Cloudy,44.0,2011-02-07 19:00:00,6.216,9.81
green,0.0,0.0,Partly Cloudy,43.71,2011-02-07 20:00:00,6.216,7.43
green,0.0,0.0,Clear,41.91,2011-02-07 21:00:00,6.216,5.26
green,0.0,0.0,Clear,41.01,2011-02-07 22:00:00,6.216,5.06
green,0.0,0.0,Clear,39.48,2011-02-07 23:00:00,6.216,5.09
green,0.0,0.0,Clear,38.53,2011-02-08 00:00:00,6.216,5.28
green,0.0,0.0,Clear,37.14,2011-02-08 01:00:00,6.216,4.43
green,0.0,0.0,Clear,35.69,2011-02-08 02:00:00,6.216,4.4
green,0.0,0.0,Clear,34.87,2011-02-08 03:00:00,6.216,3.55
green,0.0,0.0,Clear,34.01,2011-02-08 04:00:00,6.216,2.92
green,0.0,0.0,Clear,33.43,2011-02-08 05:00:00,6.216,3.5
green,0.0,0.0,Clear,31.68,2011-02-08 06:00:00,6.216,3.54
green,0.0,0.0,Clear,31.97,2011-02-08 07:00:00,4.724,4.71
green,0.0,0.0,Clear,31.82,2011-02-08 08:00:00,5.113,0.71
green,0.0,0.0,Clear,34.03,2011-02-08 09:00:00,4.473,3.4
green,0.0,0.0,Clear,38.6,2011-02-08 10:00:00,5.345,3.27
green,0.0,0.0,Clear,42.66,2011-02-08 11:00:00,6.216,3.05
green,0.0,0.0,Partly Cloudy,45.63,2011-02-08 12:00:00,6.216,3.57
green,0.0,0.0,Partly Cloudy,47.39,2011-02-08 13:00:00,6.216,5.43
green,0.0,0.0,Partly Cloudy,48.49,2011-02-08 14:00:00,6.216,6.66
green,0.0,0.0,Partly Cloudy,48.42,2011-02-08 15:00:00,6.216,6.65
green,0.0,0.0,Clear,48.03,2011-02-08 16:00:00,6.216,6.33
green,0.0,0.0,Clear,43.62,2011-02-08 17:00:00,6.216,4.0
green,0.0,0.0,Clear,40.35,2011-02-08 18:00:00,6.216,5.15
green,0.0,0.0,Clear,38.66,2011-02-08 19:00:00,6.216,6.19
green,0.0,0.0,Clear,36.53,2011-02-08 20:00:00,6.216,5.39
green,0.0,0.0,Clear,35.91,2011-02-08 21:00:00,6.216,4.23
green,0.0,0.0,Clear,36.29,2011-02-08 22:00:00,6.216,5.95
green,0.0,0.0,Overcast,37.42,2011-02-08 23:00:00,6.216,7.59
green,0.0,0.0,Clear,38.02,2011-02-09 00:00:00,6.216,5.06
green,0.0,0.0,Partly Cloudy,38.5,2011-02-09 01:00:00,6.216,4.73
green,0.0,0.0,Mostly Cloudy,39.46,2011-02-09 02:00:00,6.216,4.5
green,0.0,0.0,Overcast,41.17,2011-02-09 03:00:00,6.216,5.89
green,0.0,0.0,Mostly Cloudy,41.72,2011-02-09 04:00:00,6.216,4.12
green,0.0,0.0,Mostly Cloudy,42.72,2011-02-09 05:00:00,6.216,4.66
green,0.0,0.0,Mostly Cloudy,42.46,2011-02-09 06:00:00,6.216,4.26
green,0.0,0.0,Overcast,43.99,2011-02-09 07:00:00,3.85,6.58
green,0.0,0.0,Overcast,44.82,2011-02-09 08:00:00,2.311,6.05
green,0.0,0.0,Overcast,45.79,2011-02-09 09:00:00,2.115,8.83
green,0.0,0.0,Overcast,45.78,2011-02-09 10:00:00,3.479,7.77
green,0.0,0.0,Overcast,47.78,2011-02-09 11:00:00,4.477,10.01
green,0.0,0.0,Mostly Cloudy,47.79,2011-02-09 12:00:00,5.378,9.58
green,0.0,0.0,Mostly Cloudy,49.97,2011-02-09 13:00:00,6.071,9.84
green,0.0,0.0,Mostly Cloudy,51.51,2011-02-09 14:00:00,6.216,11.63
green,0.0,0.0,Partly Cloudy,50.62,2011-02-09 15:00:00,6.216,10.42
green,0.0,0.0,Clear,47.97,2011-02-09 16:00:00,6.216,9.17
green,0.0,0.0,Partly Cloudy,54.43,2011-05-05 22:00:00,6.216,2.74
green,0.0,0.0,Mostly Cloudy,51.36,2011-05-05 23:00:00,6.216,3.62
green,0.0,0.0,Overcast,50.04,2011-05-06 00:00:00,6.216,4.68
green,0.0,0.0,Clear,49.09,2011-05-06 01:00:00,6.216,5.9
green,0.0,0.0,Clear,48.07,2011-05-06 02:00:00,6.216,4.35
green,0.0,0.0,Clear,48.01,2011-05-06 03:00:00,6.216,3.41
green,0.0,0.0,Clear,47.26,2011-05-06 04:00:00,6.216,3.31
green,0.0,0.0,Clear,46.49,2011-05-06 05:00:00,6.216,3.26
green,0.0,0.0,Clear,47.91,2011-05-06 06:00:00,5.591,3.77
green,0.0,0.0,Clear,50.28,2011-05-06 07:00:00,5.502,4.28
green,0.0,0.0,Clear,55.42,2011-05-06 08:00:00,4.915,6.47
green,0.0,0.0,Partly Cloudy,60.65,2011-05-06 09:00:00,5.794,6.54
green,0.0,0.0,Mostly Cloudy,61.44,2011-05-06 10:00:00,6.216,6.5
green,0.0,0.0,Mostly Cloudy,66.62,2011-05-06 11:00:00,6.216,7.54
green,0.0,0.0,Mostly Cloudy,69.91,2011-05-06 12:00:00,6.216,10.64
green,0.0,0.0,Partly Cloudy,71.77,2011-05-06 13:00:00,6.216,9.8
green,0.0,0.0,Partly Cloudy,73.29,2011-05-06 14:00:00,6.216,9.91
green,0.0,0.0,Partly Cloudy,73.91,2011-05-06 15:00:00,6.216,10.07
green,0.0,0.0,Clear,74.97,2011-05-06 16:00:00,6.216,10.81
green,0.0,0.0,Clear,74.79,2011-05-06 17:00:00,6.216,10.76
green,0.0,0.0,Clear,72.88,2011-05-06 18:00:00,6.216,7.78
green,0.0,0.0,Partly Cloudy,70.87,2011-05-06 19:00:00,6.216,7.0
green,0.0,0.0,Clear,67.84,2011-05-06 20:00:00,6.216,6.62
green,0.0,0.0,Mostly Cloudy,63.67,2011-05-06 21:00:00,6.216,8.18
green,0.0,0.0,Partly Cloudy,61.11,2011-05-06 22:00:00,6.216,4.76
green,0.0,0.0,Clear,59.8,2011-05-06 23:00:00,6.216,4.76
green,0.0,0.0,Partly Cloudy,57.47,2011-05-07 00:00:00,6.216,3.77
green,0.0,0.0,Partly Cloudy,57.02,2011-05-07 01:00:00,6.216,4.31
green,0.0,0.0,Partly Cloudy,57.27,2011-05-07 02:00:00,6.216,3.79
green,0.0,0.0,Partly Cloudy,57.21,2011-05-07 03:00:00,6.216,4.35
green,0.0,0.0,Clear,57.09,2011-05-07 04:00:00,6.216,2.5
green,0.001,0.49,Possible Drizzle,55.42,2011-05-07 05:00:00,6.216,3.01
green,0.002,0.49,Possible Drizzle,55.43,2011-05-07 06:00:00,6.216,4.09
green,0.001,0.11,Mostly Cloudy,56.18,2011-05-07 07:00:00,6.216,4.58
green,0.0,0.0,Partly Cloudy,57.51,2011-05-07 08:00:00,4.724,6.92
green,0.003,0.33,Possible Drizzle,58.42,2011-05-07 09:00:00,5.344,5.41
green,0.001,0.13,Partly Cloudy,62.18,2011-05-07 10:00:00,5.653,4.71
green,0.003,0.23,Mostly Cloudy,63.78,2011-05-07 11:00:00,5.48,5.59
green,0.008,0.47,Possible Drizzle,68.06,2011-05-07 12:00:00,6.216,4.97
green,0.0,0.0,Partly Cloudy,73.18,2011-05-07 13:00:00,6.216,8.27
green,0.0,0.0,Partly Cloudy,73.02,2011-05-07 14:00:00,6.216,10.38
green,0.0,0.0,Partly Cloudy,72.64,2011-05-07 15:00:00,6.216,10.1
green,0.0,0.0,Partly Cloudy,71.66,2011-05-07 16:00:00,6.216,9.49
green,0.0,0.0,Partly Cloudy,70.04,2011-05-07 17:00:00,6.216,8.03
green,0.0,0.0,Mostly Cloudy,69.72,2011-05-07 18:00:00,6.216,8.78
green,0.0,0.0,Mostly Cloudy,68.38,2011-05-07 19:00:00,6.216,3.87
green,0.0,0.0,Mostly Cloudy,66.84,2011-05-07 20:00:00,6.216,4.2
yellow,0.0,0.0,Mostly Cloudy,56.63,2011-05-28 12:00:00,6.216,15.31
yellow,0.0,0.0,Mostly Cloudy,58.43,2011-05-28 13:00:00,6.216,15.85
yellow,0.0,0.0,Overcast,58.34,2011-05-28 14:00:00,6.216,14.7
green,0.0,0.0,Mostly Cloudy,58.66,2011-05-28 15:00:00,6.216,15.87
green,0.0,0.0,Mostly Cloudy,59.48,2011-05-28 16:00:00,6.216,14.53
green,0.0,0.0,Mostly Cloudy,62.78,2011-05-28 17:00:00,6.216,15.28
green,0.0,0.0,Mostly Cloudy,63.25,2011-05-28 18:00:00,6.216,14.61
green,0.0,0.0,Partly Cloudy,62.31,2011-05-28 19:00:00,6.216,13.43
green,0.0,0.0,Partly Cloudy,59.71,2011-05-28 20:00:00,6.216,13.29
green,0.0,0.0,Partly Cloudy,57.75,2011-05-28 21:00:00,6.216,13.4
green,0.0,0.0,Overcast,56.41,2011-05-28 22:00:00,6.216,9.45
green,0.0,0.0,Overcast,55.31,2011-05-28 23:00:00,6.216,9.08
green,0.0,0.0,Mostly Cloudy,55.48,2011-05-29 00:00:00,6.216,8.97
green,0.0,0.0,Overcast,54.92,2011-05-29 01:00:00,6.216,10.64
green,0.0,0.0,Overcast,54.48,2011-05-29 02:00:00,6.216,7.68
green,0.0,0.0,Overcast,54.84,2011-05-29 03:00:00,6.216,10.06
green,0.0,0.0,Overcast,55.09,2011-05-29 04:00:00,6.216,12.66
green,0.0,0.0,Overcast,55.21,2011-05-29 05:00:00,6.216,12.96
green,0.0,0.0,Overcast,55.43,2011-05-29 06:00:00,6.216,12.56
green,0.0,0.0,Mostly Cloudy,56.78,2011-05-29 07:00:00,6.216,13.35
green,0.0,0.0,Mostly Cloudy,57.39,2011-05-29 08:00:00,6.216,15.08
green,0.0,0.0,Overcast,58.78,2011-05-29 09:00:00,6.216,14.83
green,0.0,0.0,Mostly Cloudy,62.98,2011-05-29 10:00:00,6.216,16.1
green,0.0,0.0,Mostly Cloudy,64.84,2011-05-29 11:00:00,6.216,15.87
green,0.0,0.0,Mostly Cloudy,66.1,2011-05-29 12:00:00,6.216,15.37
green,0.0,0.0,Mostly Cloudy,66.96,2011-05-29 13:00:00,6.216,19.42
green,0.0,0.0,Mostly Cloudy,66.23,2011-05-29 14:00:00,6.216,17.84
green,0.0,0.0,Mostly Cloudy,64.88,2011-05-29 15:00:00,6.216,19.45
green,0.0,0.0,Mostly Cloudy,65.72,2011-05-29 16:00:00,6.216,18.12
green,0.0,0.0,Mostly Cloudy,66.32,2011-05-29 17:00:00,6.216,17.18
green,0.0,0.0,Mostly Cloudy,66.19,2011-05-29 18:00:00,6.216,12.89
green,0.0,0.0,Overcast,65.42,2011-05-29 19:00:00,6.216,10.79
green,0.0,0.0,Mostly Cloudy,64.04,2011-05-29 20:00:00,6.216,10.35
green,0.0,0.0,Overcast,61.58,2011-05-29 21:00:00,6.216,7.77
green,0.0,0.0,Overcast,59.95,2011-05-29 22:00:00,6.216,6.91
green,0.0,0.0,Overcast,58.97,2011-05-29 23:00:00,6.216,4.28
green,0.0,0.0,Overcast,58.62,2011-05-30 00:00:00,6.216,5.89
green,0.0,0.0,Overcast,58.52,2011-05-30 01:00:00,6.216,4.34
green,0.0,0.0,Overcast,57.84,2011-05-30 02:00:00,6.216,4.08
green,0.0,0.0,Overcast,57.67,2011-05-30 03:00:00,6.216,2.59
green,0.0,0.0,Overcast,56.56,2011-05-30 04:00:00,6.216,2.72
green,0.0,0.0,Mostly Cloudy,56.26,2011-05-30 05:00:00,6.216,6.2
green,0.0,0.0,Overcast,56.12,2011-05-30 06:00:00,6.216,5.32
green,0.0,0.0,Overcast,55.75,2011-05-30 07:00:00,4.346,6.17
green,0.0,0.0,Mostly Cloudy,57.37,2011-05-30 08:00:00,6.216,6.62
green,0.0,0.0,Mostly Cloudy,60.03,2011-05-30 09:00:00,6.216,9.24
green,0.0,0.0,Mostly Cloudy,62.58,2011-05-30 10:00:00,6.216,9.63
green,0.0,0.0,Mostly Cloudy,64.97,2011-05-30 11:00:00,6.216,11.21
green,0.003,0.07,Partly Cloudy,66.27,2011-05-30 12:00:00,6.216,13.23
green,0.005,0.07,Mostly Cloudy,66.46,2011-05-30 13:00:00,6.216,12.59
green,0.0,0.0,Partly Cloudy,62.28,2011-10-04 10:00:00,6.216,12.44
green,0.0,0.0,Partly Cloudy,63.91,2011-10-04 11:00:00,6.216,11.12
green,0.0,0.0,Partly Cloudy,65.52,2011-10-04 12:00:00,6.216,11.2
green,0.0,0.0,Partly Cloudy,67.39,2011-10-04 13:00:00,6.216,11.16
green,0.0,0.0,Partly Cloudy,68.27,2011-10-04 14:00:00,6.209,10.74
green,0.0,0.0,Partly Cloudy,68.59,2011-10-04 15:00:00,6.206,10.4
